GeneID,Distance from Consensus,Hamming Distance
20ES_CDS_10,0.9616613418530351,277
32HC_CDS_37,0.9752396166134185,352
39HC_CDS_42,0.9656549520766773,288
40AC_CDS_14,0.9616613418530351,277
40BC_CDS_42,0.9656549520766773,288
8UZL_CDS_32,0.9736421725239617,362
A6_CDS_8,0.9608626198083067,273
AbbyPaige_CDS_12,0.9664536741214057,288
Abbyshoes_CDS_10,0.9608626198083067,273
AbbysRanger_CDS_10,0.9608626198083067,278
ABCat_CDS_34,0.9704472843450479,248
Abdiel_CDS_10,0.9600638977635783,276
Abinghost_CDS_47,0.9760383386581469,322
Abrogate_CDS_11,0.9608626198083067,273
AbsoluteMadLad_CDS_48,0.9305111821086262,364
ABU_CDS_50,0.9305111821086262,364
ACFishhook_CDS_9,0.9624600638977636,274
Achebe_CDS_10,0.9608626198083067,277
Acme_CDS_11,0.9608626198083067,273
Acolyte_CDS_10,0.9712460063897763,320
Acquire49_CDS_26,0.9608626198083067,294
ActinUp_CDS_30,0.9648562300319489,246
Adahisdi_CDS_10,0.9608626198083067,273
Adephagia_CDS_30,0.9648562300319489,246
Adgers_CDS_50,0.9832268370607029,264
Ading_CDS_222,0.9560702875399361,287
Adjutor_CDS_40,0.9656549520766773,376
Adlitam_CDS_218,0.9560702875399361,287
Adnama_CDS_38,0.9704472843450479,248
Adonis_CDS_30,0.9648562300319489,246
Adora_CDS_25,0.9856230031948882,244
Adriana_CDS_50,0.9305111821086262,364
Aegeus_CDS_29,0.9704472843450479,328
Aelin_CDS_48,0.9305111821086262,364
Aeneas_CDS_12,0.9616613418530351,274
Affeca_CDS_43,0.9848242811501597,225
AFIS_CDS_10,0.9608626198083067,273
Aflac_CDS_30,0.9848242811501597,243
Agape74_CDS_12,0.9664536741214057,288
Agatha_CDS_45,0.9880191693290735,264
AgentM_CDS_7,0.9784345047923323,242
Ageofdapage_CDS_30,0.9648562300319489,246
Aglet_CDS_9,0.9616613418530351,273
AgronaGT15_CDS_9,0.9616613418530351,273
Agueybana_CDS_26,0.9856230031948882,188
AikoCarson_CDS_46,0.9864217252396166,262
Aikoy_CDS_46,0.9664536741214057,251
Ailee_CDS_42,0.9848242811501597,225
Airmid_CDS_7,0.9800319488817891,244
Ajay_CDS_10,0.9608626198083067,273
Akhila_CDS_25,0.9592651757188498,281
Akoma_CDS_47,0.9760383386581469,324
AlainaMarie_CDS_30,0.9848242811501597,243
AlanGrant_CDS_46,0.9680511182108626,401
Albee_CDS_10,0.9600638977635783,276
Aleemily_CDS_32,0.987220447284345,234
Alexphander_CDS_34,0.9600638977635783,283
Ali17_CDS_42,0.9864217252396166,222
Alice_CDS_208,0.9560702875399361,287
AlishaPH_CDS_30,0.9648562300319489,246
AlleyCat_CDS_30,0.9728434504792333,219
AlpineSix_CDS_32,0.9600638977635783,283
Alsfro_CDS_14,0.9616613418530351,274
Altman_CDS_11,0.9608626198083067,273
AltPhacts_CDS_49,0.9305111821086262,364
Altwerkus_CDS_48,0.9305111821086262,364
AlumE_CDS_26,0.9856230031948882,188
Alvin_CDS_11,0.9608626198083067,273
Alyssamiracle_CDS_87,0.9832268370607029,262
Amataga_CDS_219,0.9560702875399361,287
Amelie_CDS_27,0.9736421725239617,219
Amgine_CDS_29,0.9704472843450479,208
Aminay_CDS_31,0.9616613418530351,287
Amochick_CDS_33,0.9624600638977636,364
Amohnition_CDS_29,0.9704472843450479,209
Amok_CDS_46,0.9864217252396166,262
Amore2_CDS_51,0.9808306709265175,275
Amymech_CDS_33,0.9624600638977636,364
AN3_CDS_10,0.9616613418530351,277
AN9_CDS_9,0.9672523961661342,208
AnarQue_CDS_45,0.9888178913738019,226
Anaya_CDS_31,0.9648562300319489,246
AnClar_CDS_43,0.9880191693290735,226
Anderson_CDS_49,0.9305111821086262,364
AndPeggy_CDS_42,0.9856230031948882,261
Angelicage_CDS_43,0.9848242811501597,225
Angelica_CDS_30,0.9648562300319489,240
Angelique_CDS_28,0.9848242811501597,187
Angel_CDS_28,0.9624600638977636,355
Anglerfish_CDS_10,0.9608626198083067,273
ANI8_CDS_9,0.9672523961661342,208
Annihilator_CDS_28,0.9624600638977636,355
Annyong_CDS_10,0.9600638977635783,276
Anselm_CDS_11,0.9664536741214057,288
Antonia_CDS_48,0.9305111821086262,364
Antonio_CDS_27,0.9856230031948882,188
Antsirabe_CDS_28,0.9616613418530351,359
Anubis_CDS_9,0.9640575079872205,276
Apex_CDS_45,0.9688498402555911,405
Apiary_CDS_20,0.9888178913738019,284
Apizium_CDS_49,0.9305111821086262,364
Apocalypse_CDS_30,0.9648562300319489,246
Appletree2_CDS_26,0.9608626198083067,294
Apricot_CDS_27,0.9848242811501597,188
APunk_CDS_47,0.9856230031948882,223
Aragog_CDS_7,0.9784345047923323,242
Arcanine_CDS_10,0.9608626198083067,273
ArcherNM_CDS_13,0.9616613418530351,277
ArcherS7_CDS_221,0.9568690095846646,288
Archetta_CDS_7,0.9784345047923323,242
Archie_CDS_28,0.9624600638977636,295
Archimedes_CDS_43,0.9832268370607029,232
Archis_CDS_26,0.9864217252396166,250
ArcusAngelus_CDS_31,0.9648562300319489,294
Argent26_CDS_37,0.9704472843450479,248
Arib1_CDS_27,0.9640575079872205,343
Ariel_CDS_48,0.9696485623003195,296
Arlo_CDS_9,0.9608626198083067,273
Aroostook_CDS_28,0.9616613418530351,354
Arri_CDS_47,0.9864217252396166,234
Arti_CDS_19,0.9824281150159745,219
Artorias_CDS_27,0.9848242811501597,242
Arturo_CDS_10,0.9600638977635783,276
Asapag_CDS_28,0.9856230031948882,189
Asayake_CDS_30,0.9656549520766773,247
ASerpRocky_CDS_44,0.9824281150159745,255
Ashballer_CDS_8,0.9608626198083067,273
Ashertheman_CDS_46,0.9848242811501597,228
Ashraf_CDS_49,0.9305111821086262,364
Asriel_CDS_34,0.9704472843450479,248
Astraea_CDS_216,0.9560702875399361,287
Astro_CDS_7,0.9792332268370607,243
Astro_CDS_8,0.9456869009584664,516
Atcoo_CDS_27,0.9640575079872205,343
Athena_CDS_48,0.9760383386581469,324
Atiba_CDS_30,0.9648562300319489,246
Atkinbua_CDS_10,0.9608626198083067,273
Atlantean_CDS_218,0.9560702875399361,287
Attis_CDS_24,0.9888178913738019,221
Aubs_CDS_32,0.9592651757188498,282
Audrey_CDS_47,0.9752396166134185,323
Audrick_CDS_221,0.9560702875399361,287
AugsMagnumOpus_CDS_11,0.9616613418530351,273
Auspice_CDS_38,0.9640575079872205,278
Austelle_CDS_45,0.9688498402555911,405
Austin_CDS_51,0.9808306709265175,275
Ava3_CDS_216,0.9560702875399361,287
AvadaKedavra_CDS_26,0.9608626198083067,294
Avani_CDS_36,0.9672523961661342,316
AvatarAhPeg_CDS_10,0.9608626198083067,277
Avazak_CDS_27,0.9848242811501597,242
Avle17_CDS_10,0.9608626198083067,276
Avocado_CDS_27,0.9728434504792333,371
Avrafan_CDS_28,0.9624600638977636,355
Awesomesauce_CDS_32,0.9600638977635783,283
Axumite_CDS_42,0.9888178913738019,226
Axym_CDS_44,0.9880191693290735,264
Azira_CDS_42,0.981629392971246,229
Aziz_CDS_43,0.9640575079872205,281
Azrael100_CDS_51,0.9656549520766773,278
Azula_CDS_27,0.9864217252396166,249
B1_CDS_8,0.9688498402555911,207
BaboJay_CDS_34,0.9704472843450479,248
Babsiella_CDS_27,0.9680511182108626,352
Baby16_CDS_10,0.9600638977635783,276
Babyland_CDS_222,0.9560702875399361,287
BabyRay_CDS_9,0.9688498402555911,205
BackyardAgain_CDS_213,0.9560702875399361,287
Backyardigan_CDS_10,0.9608626198083067,278
BaconJack_CDS_12,0.9608626198083067,273
Bactobuster_CDS_12,0.9640575079872205,283
BadAgartude_CDS_212,0.9560702875399361,287
Baddon_CDS_45,0.9848242811501597,228
Badfish_CDS_50,0.9305111821086262,364
Badger_CDS_10,0.9608626198083067,277
BadStone_CDS_34,0.9704472843450479,248
Baee_CDS_48,0.9688498402555911,381
Baehexic_CDS_12,0.9616613418530351,277
BaghaKamala_CDS_30,0.9656549520766773,247
BAKA_CDS_53,0.9760383386581469,260
Bakery_CDS_49,0.987220447284345,235
Baloo_CDS_47,0.9752396166134185,323
BananaFence_CDS_217,0.9560702875399361,287
Bangla1971_CDS_220,0.9568690095846646,288
BangNhom_CDS_9,0.9592651757188498,275
Banjo_CDS_48,0.9305111821086262,364
Banquo_CDS_9,0.9864217252396166,192
Bantam_CDS_129,0.987220447284345,224
Barbarian_CDS_34,0.9704472843450479,248
Barb_CDS_46,0.9864217252396166,234
Barco_CDS_25,0.9864217252396166,250
Barkley26_CDS_28,0.9624600638977636,355
BarrelRoll_CDS_30,0.9648562300319489,246
Barriga_CDS_10,0.9608626198083067,273
Barsten_CDS_46,0.9848242811501597,225
Bartholomew_CDS_26,0.9640575079872205,343
Bartimeaus_CDS_10,0.9600638977635783,276
Basato_CDS_50,0.9305111821086262,364
Bask21_CDS_35,0.9704472843450479,248
Basquiat_CDS_216,0.9568690095846646,288
Batiatus_CDS_31,0.9592651757188498,281
BatStarr_CDS_25,0.9856230031948882,187
BatteryCK_CDS_48,0.9305111821086262,364
Baudelaire_CDS_29,0.9704472843450479,328
BaxterFox_CDS_26,0.9856230031948882,189
BBQValindra_CDS_26,0.987220447284345,223
Beaglebox_CDS_48,0.9305111821086262,364
Beakin_CDS_32,0.9600638977635783,283
BeanWater_CDS_210,0.9568690095846646,288
BearBQ_CDS_27,0.9856230031948882,189
Beatrix_CDS_9,0.9608626198083067,273
Beauxregard13_CDS_9,0.9616613418530351,273
Beaver_CDS_52,0.9824281150159745,263
Beckerton_CDS_38,0.9728434504792333,379
BeeGee_CDS_26,0.9856230031948882,188
Beelzebub_CDS_60,0.9640575079872205,339
Beem_CDS_49,0.9760383386581469,260
Beenie_CDS_25,0.9856230031948882,244
BeesKnees_CDS_9,0.9616613418530351,274
BEEST_CDS_30,0.9648562300319489,246
Beezoo_CDS_30,0.9648562300319489,246
Begonia_CDS_26,0.9864217252396166,250
Bella96_CDS_30,0.9648562300319489,246
Belladonna_CDS_30,0.9648562300319489,246
BellusTerra_CDS_10,0.9616613418530351,277
Bench_CDS_37,0.9704472843450479,248
Benczkowski14_CDS_44,0.9824281150159745,253
Benedict_CDS_7,0.9800319488817891,244
BengiVuitton_CDS_11,0.9616613418530351,277
BENtherdunthat_CDS_28,0.9848242811501597,188
Benvolio_CDS_11,0.9616613418530351,277
Bernardo_CDS_48,0.9760383386581469,324
Bethlehem_CDS_10,0.9608626198083067,273
Bexan_CDS_9,0.9608626198083067,273
BGlluviae_CDS_30,0.9648562300319489,246
Bialota_CDS_25,0.9856230031948882,187
BiancaTri92_CDS_13,0.963258785942492,281
Bibwit_CDS_44,0.9848242811501597,225
Big3_CDS_10,0.9608626198083067,273
BigCheese_CDS_28,0.9624600638977636,276
BigChungus_CDS_46,0.9856230031948882,249
Bigfoot_CDS_9,0.9608626198083067,273
BiggityBass_CDS_42,0.9880191693290735,226
Biglebops_CDS_27,0.9736421725239617,219
BigMama_CDS_38,0.9656549520766773,376
BigMau_CDS_10,0.9608626198083067,273
BigNuz_CDS_27,0.9720447284345048,369
BigPaolini_CDS_11,0.9608626198083067,273
BigPhil_CDS_27,0.9592651757188498,281
Bigswole_CDS_223,0.9560702875399361,287
BillDoor_CDS_45,0.9864217252396166,262
BillKnuckles_CDS_11,0.9608626198083067,273
BiPauneto_CDS_20,0.9792332268370607,238
Bipolarisk_CDS_216,0.9560702875399361,287
Bipolar_CDS_28,0.9592651757188498,282
Bipper_CDS_35,0.9720447284345048,330
Bircsak_CDS_10,0.9608626198083067,273
BirdsNest_CDS_51,0.9624600638977636,286
Birdsong_CDS_27,0.9856230031948882,189
BirksAndSocks_CDS_53,0.9824281150159745,263
BirthdayBoy_CDS_89,0.9832268370607029,262
Bishoperium_CDS_48,0.9305111821086262,364
Biskit_CDS_48,0.9856230031948882,264
BiteSize_CDS_95,0.9888178913738019,224
Bizzy_CDS_46,0.9856230031948882,229
Bjanes7_CDS_24,0.9888178913738019,221
BK1_CDS_8,0.9608626198083067,273
Blackbeetle_CDS_56,0.9640575079872205,339
Blackbrain_CDS_217,0.9560702875399361,287
Blackmoor_CDS_10,0.9600638977635783,276
BlackStallion_CDS_50,0.9273162939297125,367
Blessica_CDS_68,0.9616613418530351,298
Blexus_CDS_31,0.9592651757188498,282
BlingBling_CDS_25,0.9864217252396166,250
Blino_CDS_26,0.987220447284345,248
Blizzard_CDS_30,0.9648562300319489,246
Blueberry_CDS_27,0.9864217252396166,249
BlueBird_CDS_9,0.9688498402555911,207
BlueCrab_CDS_31,0.9600638977635783,283
Bluefalcon_CDS_6,0.9784345047923323,242
BlueHusk_CDS_49,0.9305111821086262,364
BlueNGold_CDS_149,0.987220447284345,222
Bluephacebaby_CDS_48,0.9305111821086262,364
Blue_CDS_10,0.9608626198083067,273
Bob3_CDS_9,0.9608626198083067,273
BobaPhett_CDS_31,0.9600638977635783,283
BobBob_CDS_43,0.9848242811501597,225
Bobby_CDS_48,0.9688498402555911,295
BobsGarage_CDS_28,0.9624600638977636,276
BobSwaget_CDS_13,0.9616613418530351,280
BodEinwohner17_CDS_31,0.9600638977635783,283
Boehler_CDS_49,0.9305111821086262,364
Bogie_CDS_29,0.9640575079872205,343
Boiiii_CDS_30,0.9648562300319489,246
Boilgate_CDS_28,0.9760383386581469,229
Bombitas_CDS_46,0.9768370607028753,259
Bombshell_CDS_10,0.9600638977635783,276
Bonamassa_CDS_7,0.9784345047923323,242
Boneham_CDS_52,0.9824281150159745,262
Bones_CDS_10,0.9608626198083067,273
Bongo_CDS_38,0.9640575079872205,278
Bonray_CDS_221,0.9560702875399361,287
Bonum_CDS_21,0.9776357827476039,235
Boomer_CDS_33,0.9600638977635783,283
Boopy_CDS_150,0.987220447284345,222
BoostSeason_CDS_30,0.9600638977635783,353
Bosnia_CDS_25,0.9856230031948882,187
Bowser_CDS_26,0.9880191693290735,222
BoyNamedSue_CDS_26,0.9856230031948882,188
BPBiebs31_CDS_10,0.9608626198083067,273
BPs_CDS_28,0.9624600638977636,355
BQuat_CDS_28,0.9624600638977636,355
Bradissa_CDS_27,0.9880191693290735,223
Brandonk123_CDS_47,0.9848242811501597,225
Braxoaddie_CDS_20,0.9888178913738019,284
Bread_CDS_217,0.9568690095846646,288
Breeniome_CDS_220,0.9560702875399361,287
Breezic_CDS_48,0.9824281150159745,263
Breezona_CDS_28,0.9624600638977636,276
BreSam8_CDS_9,0.9616613418530351,273
Briakila_CDS_48,0.9760383386581469,324
Bricole_CDS_38,0.9640575079872205,278
Brilliant_CDS_49,0.9305111821086262,364
BritBrat_CDS_27,0.9880191693290735,232
Briton15_CDS_10,0.9616613418530351,274
Brocalys_CDS_26,0.9600638977635783,283
Bromden_CDS_28,0.9608626198083067,291
Broseidon_CDS_10,0.9600638977635783,276
BrownCNA_CDS_46,0.9688498402555911,403
BruceB_CDS_28,0.9624600638977636,355
Bruiser_CDS_10,0.9600638977635783,276
Brujita_CDS_30,0.9640575079872205,343
Bruns_CDS_8,0.9608626198083067,273
Brusacoram_CDS_27,0.9640575079872205,343
Bryler_CDS_30,0.9712460063897763,211
Bubbles123_CDS_33,0.9592651757188498,282
BubbleTrouble_CDS_10,0.9600638977635783,276
Buckeye_CDS_49,0.9305111821086262,364
Buck_CDS_34,0.9704472843450479,248
Budski_CDS_28,0.9848242811501597,188
Buggaboo_CDS_20,0.9776357827476039,235
Bugsy_CDS_12,0.9664536741214057,288
Bumblebee11_CDS_10,0.9608626198083067,278
Bunker_CDS_26,0.987220447284345,223
Bunnies_CDS_27,0.9640575079872205,343
Bunnybear_CDS_24,0.987220447284345,247
Burger_CDS_9,0.9608626198083067,276
Burley_CDS_30,0.9848242811501597,243
Burnsey_CDS_45,0.9880191693290735,264
Burrough_CDS_219,0.9568690095846646,288
Burr_CDS_48,0.9305111821086262,364
Burton_CDS_10,0.9608626198083067,273
Burwell21_CDS_31,0.9600638977635783,283
Butterball_CDS_52,0.9824281150159745,262
Butterscotch_CDS_39,0.9656549520766773,376
Butters_CDS_27,0.9656549520766773,343
Buttons_CDS_11,0.9608626198083067,273
Button_CDS_48,0.9848242811501597,263
Buttrmlkdreams_CDS_48,0.9856230031948882,264
BuzzBuzz_CDS_8,0.9616613418530351,273
BuzzLyseyear_CDS_34,0.9600638977635783,283
Bxb1_CDS_9,0.9608626198083067,273
Byougenkin_CDS_31,0.9600638977635783,283
C3_CDS_9,0.9672523961661342,208
Cabrinians_CDS_31,0.9600638977635783,283
Cactojaque_CDS_213,0.9560702875399361,287
CactusJack_CDS_27,0.9640575079872205,343
CactusRose_CDS_9,0.9608626198083067,273
Cactus_CDS_36,0.9704472843450479,248
Caelakin_CDS_10,0.9600638977635783,276
Cafasso_CDS_33,0.987220447284345,234
CaiB_CDS_45,0.9888178913738019,226
Cain_CDS_30,0.9712460063897763,211
Cali_CDS_207,0.9560702875399361,287
Calm_CDS_26,0.9608626198083067,294
Cambiare_CDS_28,0.9720447284345048,370
Camerico_CDS_44,0.9856230031948882,234
CamL_CDS_49,0.9305111821086262,364
Camperdownii_CDS_9,0.9592651757188498,275
Camri_CDS_28,0.9624600638977636,355
Camster_CDS_27,0.9640575079872205,343
Candle_CDS_39,0.9712460063897763,313
Cane17_CDS_208,0.9560702875399361,289
Cannibal_CDS_49,0.9305111821086262,364
Capablanca_CDS_223,0.9560702875399361,287
Capricorn_CDS_30,0.9648562300319489,246
CaptainKirk2_CDS_25,0.9864217252396166,250
CaptainTrips_CDS_32,0.9600638977635783,283
Caravan_CDS_210,0.9568690095846646,288
Carlyle_CDS_12,0.9608626198083067,273
CarolAnn_CDS_26,0.987220447284345,248
Carthage_CDS_47,0.9305111821086262,364
Casbah_CDS_46,0.9760383386581469,324
CaseJules_CDS_30,0.9648562300319489,246
Cashline_CDS_26,0.9856230031948882,188
CassieYates_CDS_28,0.9624600638977636,355
Caviar_CDS_9,0.9624600638977636,274
Cborch11_CDS_39,0.9728434504792333,379
Cedasite_CDS_28,0.9624600638977636,355
Centaur_CDS_12,0.9616613418530351,277
CentreCat_CDS_10,0.9600638977635783,276
Cerasum_CDS_27,0.9592651757188498,281
Cerulean_CDS_10,0.9592651757188498,275
ChaChing_CDS_47,0.9760383386581469,324
ChadMasterC_CDS_46,0.9848242811501597,225
Chadwick_CDS_8,0.9792332268370607,243
Chaelin_CDS_49,0.9305111821086262,364
Chah_CDS_51,0.9305111821086262,364
ChampagnePapi_CDS_10,0.9592651757188498,275
Chance64_CDS_28,0.9616613418530351,354
Chancellor_CDS_32,0.9744408945686901,231
Chandler_CDS_47,0.9752396166134185,323
Changeling_CDS_13,0.9616613418530351,277
Chaph_CDS_10,0.9600638977635783,276
Chargie21_CDS_216,0.9568690095846646,288
Charles1_CDS_49,0.9305111821086262,364
CharlieB_CDS_217,0.9568690095846646,288
CharlieGBrown_CDS_48,0.9305111821086262,364
Charming_CDS_46,0.9848242811501597,225
Chaser_CDS_26,0.9608626198083067,291
ChaylaJr_CDS_217,0.9560702875399361,287
Che8_CDS_32,0.9600638977635783,283
Che9d_CDS_36,0.9672523961661342,316
CheeseTouch_CDS_28,0.9848242811501597,188
Cheetobro_CDS_32,0.9744408945686901,231
CheetoDust_CDS_30,0.9648562300319489,246
CheetO_CDS_49,0.9305111821086262,364
Chelms_CDS_49,0.9832268370607029,265
Cherrybomb426_CDS_28,0.9624600638977636,355
CherryonLim_CDS_48,0.9856230031948882,249
Cher_CDS_48,0.9305111821086262,364
ChickenPhender_CDS_215,0.9560702875399361,287
Chidiebere_CDS_31,0.9904153354632588,220
Chikenjars_CDS_30,0.9848242811501597,243
Childish_CDS_48,0.9305111821086262,364
Chill_CDS_41,0.9656549520766773,376
ChipMunk_CDS_12,0.9664536741214057,288
ChisanaKitsune_CDS_27,0.9904153354632588,220
Chorkpop_CDS_49,0.9305111821086262,364
ChosenOne_CDS_35,0.9704472843450479,248
ChotaBhai_CDS_35,0.9704472843450479,248
ChrisnMich_CDS_44,0.9688498402555911,405
Chris_CDS_29,0.9704472843450479,209
Chuckly_CDS_31,0.9600638977635783,283
Chunky_CDS_49,0.9305111821086262,367
Chupacabra_CDS_9,0.9624600638977636,277
Ciao_CDS_10,0.9608626198083067,273
CicholasNage_CDS_26,0.9608626198083067,294
Cici_CDS_10,0.9608626198083067,277
Cindaradix_CDS_9,0.9608626198083067,277
CindyLou_CDS_220,0.9560702875399361,287
Cintron_CDS_10,0.9600638977635783,276
Citius_CDS_10,0.9600638977635783,276
ClamChowder_CDS_46,0.9864217252396166,234
Clap_CDS_24,0.9896166134185304,222
Clarenza_CDS_10,0.9600638977635783,276
Clarkson_CDS_57,0.9640575079872205,339
Clark_CDS_25,0.9856230031948882,248
Clautastrophe_CDS_28,0.9688498402555911,308
CLED96_CDS_28,0.9624600638977636,355
Cleo_CDS_40,0.981629392971246,231
Clifton_CDS_25,0.9600638977635783,283
CloverMinnie_CDS_45,0.9888178913738019,226
Clown_CDS_50,0.987220447284345,239
Cobra_CDS_49,0.9305111821086262,364
Coco12_CDS_31,0.9592651757188498,281
Cocoaberry_CDS_10,0.9600638977635783,276
Coeur_CDS_17,0.9800319488817891,262
Colbert_CDS_49,0.9305111821086262,364
Colbster_CDS_9,0.9616613418530351,273
Coleslaw_CDS_28,0.9624600638977636,355
Collard_CDS_29,0.9728434504792333,219
Colt_CDS_208,0.9560702875399361,289
Command613_CDS_36,0.9704472843450479,248
Commandaria_CDS_20,0.981629392971246,219
Commander_CDS_10,0.9600638977635783,276
Compostia_CDS_48,0.9768370607028753,325
ConceptII_CDS_10,0.9608626198083067,273
Confidence_CDS_26,0.9856230031948882,188
Conley_CDS_28,0.9856230031948882,243
Connomayer_CDS_10,0.9600638977635783,276
Conspiracy_CDS_7,0.9784345047923323,242
Constella_CDS_41,0.9768370607028753,259
Contagion_CDS_34,0.9704472843450479,248
Coog_CDS_7,0.9784345047923323,242
Cookies_CDS_35,0.9704472843450479,248
Corazon_CDS_54,0.9640575079872205,339
Cornie_CDS_31,0.9600638977635783,283
Cornucopia_CDS_32,0.9592651757188498,282
Corofin_CDS_47,0.9760383386581469,324
Corvo_CDS_10,0.9608626198083067,273
Cosmolli16_CDS_48,0.9305111821086262,364
Cosmo_CDS_52,0.9656549520766773,278
Courthouse_CDS_48,0.9696485623003195,296
Cozz_CDS_43,0.9880191693290735,264
Cracklewink_CDS_35,0.9720447284345048,330
Craff_CDS_50,0.9305111821086262,364
Crater_CDS_26,0.9848242811501597,188
CRB1_CDS_10,0.9616613418530351,277
CRB2_CDS_50,0.9664536741214057,425
Crespo_CDS_28,0.9624600638977636,355
CREW_CDS_30,0.9648562300319489,246
CrimD_CDS_30,0.9648562300319489,246
Crispicous1_CDS_9,0.9608626198083067,273
Crocheter_CDS_30,0.9848242811501597,243
Crossroads_CDS_28,0.9624600638977636,276
Crownjwl_CDS_49,0.9313099041533547,365
Crucio_CDS_11,0.9664536741214057,288
CrystalP_CDS_35,0.9704472843450479,248
Cuco_CDS_7,0.9784345047923323,242
Cueylyss_CDS_10,0.9624600638977636,264
Cuke_CDS_31,0.9808306709265175,284
Cullens_CDS_9,0.9616613418530351,273
Culver_CDS_140,0.9888178913738019,193
Curiosium_CDS_31,0.9672523961661342,241
Cynthia_CDS_24,0.9896166134185304,222
Czyszczon1_CDS_36,0.9704472843450479,248
D29_CDS_9,0.9680511182108626,214
D32_CDS_9,0.9680511182108626,214
DaddyDaniels_CDS_49,0.9305111821086262,364
Dadosky_CDS_30,0.9728434504792333,219
Daegal_CDS_34,0.9624600638977636,364
Daenerys_CDS_31,0.9600638977635783,283
Daffodil_CDS_223,0.9560702875399361,287
Daffy_CDS_49,0.9305111821086262,364
DaHudson_CDS_9,0.9616613418530351,273
Daishi_CDS_8,0.9640575079872205,279
Daisy_CDS_47,0.9760383386581469,324
Daka_CDS_50,0.9305111821086262,364
Dakiti_CDS_50,0.9832268370607029,265
DalanDe_CDS_26,0.9904153354632588,219
Dalilpop_CDS_23,0.9800319488817891,230
Dallas_CDS_51,0.9760383386581469,260
Dalmatian_CDS_11,0.9664536741214057,288
Dalmuri_CDS_30,0.9648562300319489,246
Damien_CDS_38,0.9728434504792333,379
Dandelion_CDS_223,0.9568690095846646,288
Danforth_CDS_6,0.9792332268370607,243
Dante_CDS_31,0.9600638977635783,283
Danyall_CDS_46,0.9864217252396166,234
Daredevil_CDS_123,0.9888178913738019,227
Darionha_CDS_28,0.9624600638977636,355
Darko_CDS_218,0.9560702875399361,287
DarthP_CDS_29,0.9704472843450479,209
DatBoi_CDS_126,0.987220447284345,224
Dati_CDS_49,0.9305111821086262,364
Datway_CDS_10,0.9608626198083067,278
DaWorst_CDS_33,0.9600638977635783,283
DBQu4n_CDS_9,0.9680511182108626,214
DD5_CDS_11,0.9608626198083067,273
DeadP_CDS_31,0.9592651757188498,281
Deano_CDS_10,0.9600638977635783,276
Deby_CDS_30,0.9648562300319489,246
Deenasa_CDS_47,0.9760383386581469,324
DeepSoil15_CDS_33,0.9624600638977636,364
Delian_CDS_25,0.9864217252396166,250
Delilah_CDS_217,0.9560702875399361,287
Deloris_CDS_11,0.9616613418530351,277
Delrey21_CDS_46,0.9864217252396166,228
DelRivs_CDS_48,0.9305111821086262,364
Delton_CDS_40,0.9656549520766773,376
Delylah_CDS_222,0.9568690095846646,288
Demosthenes_CDS_43,0.9824281150159745,256
Demsculpinboyz_CDS_36,0.9672523961661342,316
Denise_CDS_22,0.9848242811501597,188
Derek_CDS_215,0.9568690095846646,288
Derpp_CDS_48,0.9305111821086262,364
Devera_CDS_30,0.9656549520766773,247
Devonte_CDS_47,0.9760383386581469,324
Dewey_CDS_32,0.9624600638977636,364
Dexdert_CDS_58,0.9840255591054313,239
Dexes_CDS_11,0.9608626198083067,273
Dhanush_CDS_10,0.9600638977635783,276
Diabla_CDS_52,0.981629392971246,261
Dieselweasel_CDS_9,0.9624600638977636,274
Dietrick_CDS_211,0.9568690095846646,288
Dignity_CDS_12,0.9664536741214057,288
DillTech15_CDS_31,0.9600638977635783,283
Diminimus_CDS_39,0.9640575079872205,278
Dingo_CDS_49,0.9305111821086262,364
DinoDaryn_CDS_25,0.9792332268370607,315
Dione_CDS_48,0.9305111821086262,364
DirkDirk_CDS_26,0.9608626198083067,294
DirtJuice_CDS_49,0.9305111821086262,364
DirtMcgirt_CDS_32,0.9600638977635783,283
DirtyBoi_CDS_28,0.9880191693290735,218
DirtyDunning_CDS_10,0.9592651757188498,275
Discoknowium_CDS_7,0.9784345047923323,242
DismalFunk_CDS_29,0.9616613418530351,352
DismalStressor_CDS_29,0.9616613418530351,352
Dixon_CDS_7,0.9792332268370607,243
DLane_CDS_31,0.9592651757188498,281
Dmitri_CDS_27,0.9880191693290735,218
DMoney_CDS_28,0.9624600638977636,355
DmpstrDiver_CDS_50,0.9760383386581469,260
DobbysSock_CDS_24,0.9856230031948882,244
DoctorDiddles_CDS_35,0.9704472843450479,248
DoctorFroggo_CDS_46,0.9864217252396166,228
Doddsville_CDS_49,0.9305111821086262,364
DoesntMatter_CDS_48,0.9305111821086262,364
Dogfish_CDS_46,0.9832268370607029,247
Doggs_CDS_26,0.9880191693290735,218
Dole_CDS_30,0.9656549520766773,247
Dolores_CDS_25,0.9856230031948882,244
Donkeykong_CDS_31,0.9592651757188498,282
Donny_CDS_49,0.9688498402555911,381
Donovan_CDS_27,0.9640575079872205,343
DonSanchon_CDS_48,0.9305111821086262,364
Doomphist_CDS_31,0.9600638977635783,283
Doom_CDS_10,0.9608626198083067,273
Dorito_CDS_24,0.9856230031948882,247
Dori_CDS_41,0.9720447284345048,374
Dorothy_CDS_31,0.9600638977635783,283
DotProduct_CDS_31,0.9600638977635783,283
Doug_CDS_32,0.9600638977635783,283
Drago_CDS_32,0.9600638977635783,283
Drake55_CDS_12,0.9616613418530351,277
Drake94_CDS_6,0.9616613418530351,276
Drazdys_CDS_216,0.9568690095846646,288
DRBy19_CDS_31,0.9600638977635783,283
Dre3_CDS_41,0.981629392971246,231
Dreamboat_CDS_11,0.9608626198083067,273
DreamCatcher_CDS_11,0.9616613418530351,274
DrFeelGood_CDS_9,0.9608626198083067,273
DrHayes_CDS_30,0.9648562300319489,246
DrLupo_CDS_42,0.9848242811501597,341
DroogsArmy_CDS_10,0.9624600638977636,278
DrPhinkDaddy_CDS_216,0.9560702875399361,287
DrSeegs_CDS_28,0.9624600638977636,276
Druantia_CDS_10,0.9600638977635783,276
DTDevon_CDS_219,0.9568690095846646,288
Dublin_CDS_6,0.9784345047923323,242
DuchessDung_CDS_48,0.9305111821086262,364
DudeLittle_CDS_11,0.9664536741214057,288
Duffington_CDS_30,0.9848242811501597,243
Duggie_CDS_48,0.9305111821086262,364
Duke13_CDS_52,0.9760383386581469,260
Dulcie_CDS_9,0.9608626198083067,273
Dulcita_CDS_39,0.9640575079872205,278
Dumbo_CDS_35,0.9704472843450479,248
DumpsterDude_CDS_29,0.987220447284345,251
DumpTruck_CDS_89,0.9832268370607029,266
DuncansLeg_CDS_28,0.9688498402555911,308
Duplo_CDS_9,0.9680511182108626,214
Durfee_CDS_30,0.9648562300319489,246
Durga_CDS_50,0.9305111821086262,364
Dusk_CDS_34,0.9704472843450479,248
Dussy_CDS_10,0.9608626198083067,273
Dynamix_CDS_9,0.9608626198083067,273
Dynamo_CDS_27,0.9640575079872205,343
DyoEdafos_CDS_27,0.9608626198083067,291
Eaglepride_CDS_10,0.9616613418530351,274
Eagle_CDS_9,0.9608626198083067,276
Eapen_CDS_10,0.9600638977635783,276
Easley_CDS_25,0.9856230031948882,240
Easy2Say_CDS_37,0.9704472843450479,248
EasyJones_CDS_218,0.957667731629393,279
Ebert_CDS_24,0.9896166134185304,222
Echild_CDS_11,0.9616613418530351,277
Ecliptus_CDS_31,0.9848242811501597,188
EdmundFerry_CDS_55,0.9960063897763578,110
Edtherson_CDS_11,0.9616613418530351,274
Edugator_CDS_30,0.9728434504792333,219
Efra2_CDS_30,0.9648562300319489,245
Ein37_CDS_33,0.9624600638977636,364
Eish_CDS_31,0.9193290734824281,333
Ejimix_CDS_49,0.9760383386581469,260
Ekdilam_CDS_28,0.9712460063897763,210
Ekhein_CDS_48,0.9824281150159745,263
EleanorGeorge_CDS_32,0.9672523961661342,315
Elinal_CDS_50,0.9856230031948882,249
Elite2014_CDS_34,0.9704472843450479,248
Ellie_CDS_28,0.9704472843450479,208
Elph10_CDS_36,0.9704472843450479,248
ElTiger69_CDS_7,0.9800319488817891,244
Emalyn_CDS_44,0.9864217252396166,262
Emerson_CDS_30,0.9648562300319489,246
Emianna_CDS_19,0.9824281150159745,219
Emiris_CDS_50,0.9305111821086262,364
EmmaElysia_CDS_223,0.9560702875399361,287
Emma_CDS_33,0.9592651757188498,281
Emmina_CDS_36,0.9704472843450479,248
EMoore_CDS_42,0.987220447284345,226
Emperor_CDS_4,0.9792332268370607,254
Empress_CDS_32,0.9600638977635783,283
EmpTee_CDS_49,0.9313099041533547,365
EMsquaredA_CDS_27,0.9880191693290735,223
EmToTheThree_CDS_219,0.9560702875399361,287
EnalisNailo_CDS_27,0.9880191693290735,223
Enby_CDS_33,0.9672523961661342,315
Enceladus_CDS_26,0.9608626198083067,294
EndAve_CDS_30,0.9848242811501597,243
EniyanLRS_CDS_50,0.9656549520766773,278
Enkosi_CDS_27,0.9736421725239617,219
Ennea_CDS_24,0.9808306709265175,233
EpicDab_CDS_7,0.9800319488817891,259
EpicPhail_CDS_9,0.9616613418530351,273
Eponine_CDS_34,0.9744408945686901,231
Equemioh13_CDS_12,0.9616613418530351,277
Eradicator_CDS_31,0.9600638977635783,283
Erdmann_CDS_218,0.9568690095846646,288
Eremos_CDS_49,0.9305111821086262,364
EricMillard_CDS_49,0.9760383386581469,260
Eris_CDS_10,0.9600638977635783,276
Erk16_CDS_39,0.9656549520766773,376
ErnieJ_CDS_214,0.9560702875399361,287
Eros_CDS_10,0.9600638977635783,276
Erutan_CDS_86,0.9832268370607029,262
Essence_CDS_216,0.9560702875399361,287
Estave1_CDS_29,0.9600638977635783,283
Estes_CDS_44,0.9656549520766773,282
ET08_CDS_203,0.9560702875399361,287
Etaye_CDS_49,0.9305111821086262,364
Eudoria_CDS_27,0.9856230031948882,188
Euphoria_CDS_10,0.9608626198083067,273
Eureka_CDS_35,0.9704472843450479,248
Eurydice_CDS_10,0.9608626198083067,277
Evaa_CDS_42,0.9888178913738019,224
Evamon_CDS_43,0.9864217252396166,234
Evanesce_CDS_32,0.9624600638977636,364
Eviarto_CDS_25,0.9856230031948882,187
EvilGenius_CDS_12,0.9680511182108626,273
Ewald_CDS_46,0.9840255591054313,248
Ewok_CDS_218,0.9560702875399361,287
Exiguo_CDS_48,0.9824281150159745,263
Expelliarmus_CDS_6,0.9792332268370607,243
Eyeball_CDS_10,0.9608626198083067,273
Eyes_CDS_26,0.9880191693290735,222
Eyre_CDS_23,0.9880191693290735,227
Fairfaxidum_CDS_25,0.9888178913738019,223
Faith1_CDS_28,0.9624600638977636,276
Faith5x5_CDS_23,0.987220447284345,217
Fajezeel_CDS_11,0.9608626198083067,273
Fameo_CDS_11,0.9616613418530351,279
Familton_CDS_68,0.9616613418530351,298
Fancypants_CDS_31,0.9600638977635783,283
Fang_CDS_50,0.9305111821086262,364
Farber_CDS_9,0.9616613418530351,273
Fascinus_CDS_9,0.9608626198083067,273
Feastonyeet_CDS_46,0.9856230031948882,249
Fefferhead_CDS_29,0.9704472843450479,208
FelixAlejandro_CDS_53,0.9824281150159745,262
Fenn_CDS_9,0.9608626198083067,273
Fenry_CDS_24,0.9864217252396166,250
Fernando_CDS_9,0.9616613418530351,273
Feyre_CDS_29,0.963258785942492,244
Figliar_CDS_30,0.9848242811501597,243
Filch_CDS_36,0.9704472843450479,248
Filuzino_CDS_31,0.9592651757188498,281
Finch_CDS_202,0.9496805111821086,444
Findley_CDS_29,0.9616613418530351,352
Finemlucis_CDS_28,0.9616613418530351,294
Finnry_CDS_28,0.9688498402555911,308
Fionnbharth_CDS_32,0.9752396166134185,232
Fireball_CDS_45,0.9864217252396166,229
FireCastle_CDS_28,0.9968051118210862,162
Firecracker_CDS_69,0.9616613418530351,298
Firehouse51_CDS_32,0.9592651757188498,282
FireRed_CDS_35,0.9704472843450479,248
FiringLine_CDS_11,0.9664536741214057,288
FirstPlacePfu_CDS_27,0.9640575079872205,343
First_CDS_10,0.9616613418530351,277
Fishburne_CDS_27,0.9640575079872205,343
Fitzgerald_CDS_44,0.9848242811501597,225
Flabslab_CDS_213,0.9560702875399361,287
FlagStaff_CDS_27,0.9720447284345048,370
Flakey_CDS_48,0.9824281150159745,263
Flapper_CDS_22,0.9800319488817891,231
Flare16_CDS_11,0.9616613418530351,277
Flathead_CDS_31,0.963258785942492,292
Flatwoods_CDS_46,0.9856230031948882,229
Float294_CDS_20,0.9808306709265175,233
Floral_CDS_27,0.9880191693290735,223
Florean_CDS_10,0.9600638977635783,276
Florinda_CDS_31,0.9600638977635783,283
Fludd_CDS_219,0.9560702875399361,287
FluffyNinja_CDS_50,0.9273162939297125,367
Flux_CDS_10,0.9608626198083067,276
Flypotenuse_CDS_33,0.9704472843450479,248
ForGetIt_CDS_7,0.9784345047923323,242
Forge_CDS_32,0.9624600638977636,364
Forsytheast_CDS_9,0.9608626198083067,273
Fortunato_CDS_45,0.963258785942492,448
Forza_CDS_150,0.987220447284345,222
Fosterous_CDS_43,0.9848242811501597,225
Fowlmouth_CDS_34,0.9808306709265175,284
Foxboro_CDS_20,0.9824281150159745,219
FoxtrotP1_CDS_217,0.9560702875399361,287
Fozzie_CDS_48,0.9305111821086262,364
Francis47_CDS_10,0.9608626198083067,273
Frankicide_CDS_49,0.9305111821086262,364
Frankie_CDS_35,0.9600638977635783,283
FrayBell_CDS_221,0.9560702875399361,287
Fred313_CDS_8,0.9688498402555911,207
FreddyB_CDS_31,0.9600638977635783,283
Freya_CDS_48,0.9305111821086262,364
FriarPreacher_CDS_48,0.9305111821086262,364
Fribs8_CDS_41,0.9832268370607029,232
Fringe_CDS_50,0.9305111821086262,364
Froghopper_CDS_11,0.9624600638977636,264
Frokostdame_CDS_25,0.9864217252396166,249
Frosty24_CDS_28,0.9624600638977636,355
Fruitloop_CDS_30,0.9592651757188498,281
FudgeTart_CDS_216,0.9560702875399361,287
FugateOSU_CDS_48,0.9305111821086262,364
Fugax_CDS_47,0.9864217252396166,234
Fulcrum_CDS_85,0.9832268370607029,262
Funsized_CDS_52,0.9624600638977636,285
Funston_CDS_10,0.9600638977635783,276
Fury_CDS_25,0.9792332268370607,238
Fushigi_CDS_10,0.9608626198083067,273
Gabriela_CDS_28,0.9616613418530351,294
Gabriel_CDS_219,0.9568690095846646,288
Gadjet_CDS_48,0.9760383386581469,324
Gadost_CDS_10,0.9600638977635783,276
Gaea_CDS_45,0.9856230031948882,229
GageAP_CDS_11,0.9608626198083067,273
Gage_CDS_37,0.9704472843450479,248
Gaia_CDS_34,0.9768370607028753,265
Galactic_CDS_33,0.963258785942492,292
Galadriel_CDS_45,0.9848242811501597,225
Gambino_CDS_27,0.9880191693290735,231
Gamgam_CDS_220,0.9560702875399361,287
Gancho_CDS_32,0.9624600638977636,364
Gandalf20_CDS_11,0.9608626198083067,273
Gandalph_CDS_32,0.9600638977635783,283
Ganymede_CDS_30,0.9648562300319489,246
Gardann_CDS_28,0.9624600638977636,276
GardenSalsa_CDS_43,0.9656549520766773,282
Gareth_CDS_49,0.9305111821086262,364
Gator_CDS_33,0.9704472843450479,248
Gattaca_CDS_55,0.9640575079872205,339
GaugeLDP_CDS_12,0.9608626198083067,276
GEazy_CDS_26,0.987220447284345,223
GemG_CDS_24,0.9896166134185304,222
Gemini_CDS_38,0.9704472843450479,248
Gemma_CDS_9,0.9624600638977636,274
Genamy16_CDS_87,0.9832268370607029,262
GeneCoco_CDS_49,0.9305111821086262,364
GenevaB15_CDS_43,0.9640575079872205,281
Gengar_CDS_29,0.963258785942492,244
Geodirt_CDS_44,0.9848242811501597,225
George_CDS_6,0.9784345047923323,242
Georgie2_CDS_11,0.9664536741214057,288
Geraldini_CDS_30,0.9648562300319489,246
Gervas_CDS_47,0.9760383386581469,324
Getalong_CDS_29,0.9848242811501597,188
Ghobes_CDS_41,0.9824281150159745,237
Ghost_CDS_217,0.9560702875399361,287
Ghoulboy_CDS_7,0.9784345047923323,242
Gibbin_CDS_88,0.9832268370607029,262
Gibbles_CDS_38,0.9864217252396166,222
Gibbous_CDS_41,0.981629392971246,231
Gideon_CDS_28,0.9624600638977636,355
GigiOuiOui_CDS_31,0.9600638977635783,283
GiKK_CDS_50,0.9848242811501597,264
Giles_CDS_32,0.9624600638977636,364
Gill_CDS_27,0.9848242811501597,242
GingkoMaracino_CDS_9,0.9640575079872205,276
Girafales_CDS_32,0.9600638977635783,283
Giraffe_CDS_49,0.9305111821086262,364
Girr_CDS_33,0.9672523961661342,315
Giuseppe_CDS_40,0.9656549520766773,376
Gizermo_CDS_24,0.9896166134185304,222
Gizmo_CDS_225,0.9568690095846646,288
Glaske16_CDS_39,0.9640575079872205,278
Glaske_CDS_27,0.9640575079872205,343
GlenHope_CDS_48,0.9768370607028753,325
Glexan_CDS_33,0.9704472843450479,248
Gmala1_CDS_33,0.9848242811501597,242
GOATification_CDS_85,0.9832268370607029,262
GoldenAsh_CDS_28,0.9624600638977636,355
GoldenSpark_CDS_37,0.9704472843450479,248
Goldilocks_CDS_36,0.9704472843450479,248
Gomashi_CDS_28,0.9624600638977636,355
Gompeii16_CDS_10,0.9608626198083067,273
GooberAzure_CDS_37,0.9704472843450479,248
Goodman_CDS_30,0.9728434504792333,201
Gophee_CDS_49,0.9305111821086262,364
GordDuk1_CDS_33,0.9848242811501597,242
GordTnk2_CDS_33,0.9848242811501597,242
Gorge_CDS_31,0.9600638977635783,283
Gorko_CDS_48,0.9824281150159745,263
GourdThymes_CDS_48,0.9824281150159745,263
Graduation_CDS_12,0.9616613418530351,274
Grand2040_CDS_48,0.9305111821086262,364
Gravaillia_CDS_32,0.963258785942492,365
Gravy_CDS_27,0.9848242811501597,242
Grayson_CDS_31,0.9896166134185304,211
Gray_CDS_31,0.9904153354632588,226
GreaseLightnin_CDS_27,0.9640575079872205,343
GrecoEtereo_CDS_11,0.9640575079872205,275
Greg_CDS_11,0.9608626198083067,273
GretelLyn_CDS_86,0.9832268370607029,262
Grif_CDS_9,0.9616613418530351,273
Grizzly_CDS_28,0.9616613418530351,354
GrootJr_CDS_20,0.9824281150159745,219
Groundhog_CDS_6,0.9792332268370607,243
Groupthink_CDS_10,0.9624600638977636,274
Grub_CDS_9,0.9616613418530351,273
Grum1_CDS_9,0.9616613418530351,273
Grungle_CDS_202,0.9560702875399361,287
Gsput1_CDS_3,0.9888178913738019,195
GTE7_CDS_40,0.9808306709265175,275
GtownJaz_CDS_9,0.9616613418530351,273
Guacamole_CDS_25,0.9864217252396166,250
Guanica15_CDS_30,0.9648562300319489,245
Gudmit_CDS_24,0.9888178913738019,223
Guillsminger_CDS_29,0.963258785942492,244
Gumball_CDS_38,0.9656549520766773,376
GUmbie_CDS_31,0.9600638977635783,283
Gustav_CDS_37,0.9848242811501597,238
GuuelaD_CDS_28,0.9624600638977636,276
Guwapp_CDS_216,0.9560702875399361,287
GuyFagieri_CDS_19,0.987220447284345,278
Gyarad_CDS_49,0.9305111821086262,364
Gyzlar_CDS_11,0.9608626198083067,273
Hades_CDS_32,0.9600638977635783,283
Hadrien_CDS_33,0.9624600638977636,364
Hail_CDS_32,0.9624600638977636,364
Haimas_CDS_49,0.9305111821086262,364
Haleema_CDS_48,0.9305111821086262,364
Halena_CDS_26,0.9608626198083067,294
Haley23_CDS_24,0.9896166134185304,222
Halley_CDS_49,0.9760383386581469,260
Halo3_CDS_44,0.9864217252396166,234
Halo_CDS_28,0.9624600638977636,355
Hamish_CDS_49,0.9305111821086262,364
Hammy_CDS_29,0.9704472843450479,209
HamSlice_CDS_9,0.9608626198083067,276
Hanem_CDS_31,0.9904153354632588,220
Hangman_CDS_44,0.9688498402555911,403
HanKaySha_CDS_36,0.9704472843450479,248
Hannaconda_CDS_45,0.9760383386581469,260
HannahD_CDS_26,0.987220447284345,223
HanShotFirst_CDS_10,0.9608626198083067,273
Hans_CDS_46,0.9864217252396166,222
Happiness_CDS_10,0.9600638977635783,276
Harella_CDS_34,0.9704472843450479,248
Harley_CDS_31,0.9600638977635783,283
HarryHoudini_CDS_12,0.9616613418530351,277
HarryOW_CDS_11,0.9640575079872205,275
HarveySr_CDS_47,0.9760383386581469,324
Harvey_CDS_49,0.9313099041533547,365
HashRod_CDS_10,0.9616613418530351,273
HaveUMetTed_CDS_10,0.9624600638977636,274
Hawkeye_CDS_43,0.9688498402555911,380
HC_CDS_28,0.9680511182108626,352
Heathcliff_CDS_47,0.9760383386581469,324
Heathen_CDS_9,0.9688498402555911,207
Heath_CDS_43,0.9688498402555911,403
HedwigODU_CDS_30,0.9648562300319489,246
Hedwig_CDS_28,0.9880191693290735,218
Heffalump_CDS_13,0.9616613418530351,279
Heftyboy_CDS_29,0.9656549520766773,246
Hegedechwinu_CDS_32,0.9592651757188498,282
HelDan_CDS_9,0.9688498402555911,207
Held_CDS_49,0.9305111821086262,364
Heliosoles_CDS_9,0.9624600638977636,274
Helpful_CDS_41,0.9656549520766773,376
HenryJackson_CDS_48,0.9305111821086262,364
Henry_CDS_36,0.9704472843450479,248
Hercules11_CDS_9,0.9616613418530351,273
HermioneGrange_CDS_10,0.9608626198083067,273
Herod_CDS_25,0.9856230031948882,187
Hertubise_CDS_49,0.9305111821086262,364
Hetaeria_CDS_49,0.9305111821086262,364
Hexbug_CDS_53,0.9848242811501597,264
HH92_CDS_32,0.9624600638977636,364
Hibiscus_CDS_50,0.9832268370607029,266
Highbury_CDS_36,0.9704472843450479,248
HighStump_CDS_49,0.9305111821086262,364
Hilltopfarm_CDS_32,0.9648562300319489,363
HINdeR_CDS_10,0.9616613418530351,278
Hitter_CDS_25,0.9864217252396166,250
Hlubikazi_CDS_32,0.963258785942492,292
Hocus_CDS_48,0.9305111821086262,364
HokkenD_CDS_42,0.9760383386581469,260
Holliday_CDS_28,0.9848242811501597,188
Holli_CDS_10,0.9608626198083067,276
Hollow_CDS_45,0.9824281150159745,253
Holt_CDS_36,0.9704472843450479,248
Homines_CDS_10,0.9608626198083067,273
Homura_CDS_30,0.9648562300319489,246
Hookmount_CDS_9,0.9624600638977636,274
Hoonter_CDS_37,0.9704472843450479,248
Hope4ever_CDS_10,0.9608626198083067,273
Hopey_CDS_37,0.9704472843450479,248
Hope_CDS_28,0.9624600638977636,355
Horchata_CDS_49,0.9305111821086262,364
Horseradish_CDS_48,0.9856230031948882,264
Hortense_CDS_25,0.9856230031948882,244
Horus_CDS_28,0.9848242811501597,188
Hosp_CDS_40,0.9656549520766773,288
Hotorobo_CDS_48,0.9824281150159745,263
Hotshotbaby7_CDS_28,0.9616613418530351,354
Houdini22_CDS_10,0.9600638977635783,276
HSavage_CDS_49,0.9305111821086262,364
Hughesyang_CDS_47,0.9760383386581469,260
HUHilltop_CDS_27,0.9640575079872205,343
HuhtaEnerson15_CDS_7,0.9784345047923323,242
Huphlepuff_CDS_58,0.9640575079872205,339
Hurricane_CDS_32,0.9720447284345048,227
Hydro_CDS_44,0.9688498402555911,405
Hydrus_CDS_31,0.9848242811501597,243
Hyperbowlee_CDS_30,0.9648562300319489,246
HyRo_CDS_210,0.9560702875399361,287
I3_CDS_227,0.9560702875399361,287
Ibhubesi_CDS_31,0.9600638977635783,283
Icee_CDS_34,0.9704472843450479,248
Iceman_CDS_10,0.9600638977635783,276
Ichabod_CDS_9,0.9616613418530351,274
ICleared_CDS_10,0.9608626198083067,276
IdentityCrisis_CDS_26,0.9664536741214057,348
Idergollasper_CDS_67,0.9616613418530351,298
Idleandcovert_CDS_8,0.9688498402555911,207
IDyn_CDS_18,0.981629392971246,223
IgnatiusPatJac_CDS_9,0.9608626198083067,273
IHOP_CDS_35,0.9704472843450479,248
IkeLoa_CDS_213,0.9560702875399361,287
ILeeKay_CDS_12,0.9608626198083067,273
Illumine_CDS_30,0.9656549520766773,247
ImtiyazSitla_CDS_49,0.9305111821086262,364
Imvubu_CDS_41,0.9640575079872205,290
Inca_CDS_34,0.9704472843450479,248
Inchworm_CDS_50,0.9305111821086262,364
Indlovu_CDS_46,0.9688498402555911,361
Indlulamithi_CDS_36,0.9800319488817891,243
InigoMontoya_CDS_222,0.9560702875399361,287
Inky_CDS_30,0.9648562300319489,246
InterFolia_CDS_222,0.9560702875399361,287
Inventum_CDS_31,0.9640575079872205,293
Inverness_CDS_49,0.9305111821086262,364
InvictusManeo_CDS_29,0.9728434504792333,219
Iota_CDS_215,0.9568690095846646,288
IPhane7_CDS_38,0.9640575079872205,278
Iracema64_CDS_10,0.9592651757188498,275
Iridoclysis_CDS_49,0.9305111821086262,364
IrishSherpFalk_CDS_33,0.9600638977635783,283
IronMan_CDS_12,0.9640575079872205,283
IsaacEli_CDS_50,0.9305111821086262,364
Isca_CDS_9,0.9688498402555911,207
Island3_CDS_30,0.9640575079872205,343
Itos_CDS_28,0.9624600638977636,276
Iwokeuplikedis_CDS_11,0.9616613418530351,277
Izajani_CDS_215,0.957667731629393,279
Jaan_CDS_13,0.9640575079872205,283
Jabbawokkie_CDS_38,0.9672523961661342,316
Jabberwocky_CDS_44,0.9848242811501597,225
Jabiru_CDS_7,0.9792332268370607,243
Jablanski_CDS_28,0.9856230031948882,189
JacAttac_CDS_50,0.9305111821086262,364
Jace_CDS_72,0.9776357827476039,238
JackSparrow_CDS_9,0.9608626198083067,273
Jackstina_CDS_44,0.9760383386581469,324
JacoRen57_CDS_29,0.9776357827476039,362
JakeO_CDS_48,0.9305111821086262,364
Jalammah_CDS_27,0.9864217252396166,250
Jalebi_CDS_86,0.9832268370607029,262
JalFarm20_CDS_34,0.9592651757188498,281
JAMaL_CDS_44,0.9688498402555911,403
Jambalaya_CDS_44,0.9864217252396166,234
James_CDS_31,0.9600638977635783,283
Jamzy_CDS_50,0.9848242811501597,263
Jane_CDS_28,0.9624600638977636,355
JangDynasty_CDS_67,0.9616613418530351,298
JangoPhett_CDS_49,0.9305111821086262,364
Janiyra_CDS_222,0.9560702875399361,287
Jarcob_CDS_31,0.9600638977635783,283
Jarvi_CDS_30,0.9648562300319489,246
JasperJr_CDS_25,0.9864217252396166,250
Jasper_CDS_11,0.9608626198083067,273
JAWS_CDS_30,0.9648562300319489,246
Jaygup_CDS_217,0.9560702875399361,287
Jaykayelowell_CDS_10,0.9600638977635783,276
JC27_CDS_12,0.9608626198083067,273
Jebeks_CDS_27,0.9640575079872205,343
Jeckyll_CDS_30,0.9648562300319489,246
Jedediah_CDS_222,0.9568690095846646,288
Jellybones_CDS_51,0.9824281150159745,262
Jemmno_CDS_217,0.9560702875399361,287
JenCasNa_CDS_9,0.9616613418530351,273
JeppNRM_CDS_10,0.9624600638977636,274
Jera_CDS_30,0.9728434504792333,202
Jerm2_CDS_9,0.9608626198083067,273
Jerm_CDS_12,0.9664536741214057,288
Jessibeth14_CDS_218,0.9560702875399361,287
JeTaime_CDS_37,0.9704472843450479,248
JetBlade_CDS_10,0.9600638977635783,276
JF1_CDS_32,0.9752396166134185,232
JF2_CDS_9,0.9688498402555911,207
JF4_CDS_9,0.9688498402555911,207
JHC117_CDS_9,0.9616613418530351,273
Jifall16_CDS_18,0.9824281150159745,219
Jillium_CDS_48,0.9305111821086262,364
Jiminy_CDS_48,0.9305111821086262,364
JKSyngboy_CDS_43,0.9848242811501597,228
Job42_CDS_35,0.9600638977635783,283
Jobu08_CDS_9,0.9616613418530351,273
Jodelie19_CDS_31,0.9848242811501597,243
JoeDirt_CDS_26,0.9608626198083067,294
JoeyJr_CDS_31,0.9600638977635783,283
Johann_CDS_30,0.9728434504792333,201
John316_CDS_52,0.9824281150159745,263
JoieB_CDS_57,0.9640575079872205,339
Jojo24_CDS_48,0.9832268370607029,264
Jolene_CDS_28,0.9616613418530351,354
Jolie1_CDS_42,0.9648562300319489,287
Jolie2_CDS_28,0.9664536741214057,364
Jonghyun_CDS_28,0.9616613418530351,354
JoongJeon_CDS_10,0.9600638977635783,276
Jorgensen_CDS_10,0.9608626198083067,273
JorRay_CDS_28,0.9624600638977636,355
JoshKayV_CDS_12,0.9664536741214057,288
Journey13_CDS_9,0.9744408945686901,279
Jovo_CDS_7,0.9784345047923323,242
Joy99_CDS_30,0.9648562300319489,246
JPickles_CDS_216,0.9560702875399361,287
Jsquared_CDS_9,0.9680511182108626,214
Jubie_CDS_28,0.9688498402555911,308
Juice456_CDS_32,0.9592651757188498,282
JuicyJay_CDS_51,0.9768370607028753,259
JuJu_CDS_26,0.9864217252396166,247
JuliaChild_CDS_11,0.9608626198083067,273
Juliette_CDS_34,0.9744408945686901,231
Jumbo_CDS_41,0.9840255591054313,239
Jung_CDS_26,0.9640575079872205,343
Juniormint_CDS_27,0.9640575079872205,343
JustHall_CDS_213,0.9568690095846646,288
Kabluna_CDS_21,0.9776357827476039,235
Kabocha_CDS_32,0.9904153354632588,220
KADY_CDS_10,0.9616613418530351,273
Kahlid_CDS_28,0.9624600638977636,276
Kahve_CDS_48,0.9305111821086262,364
Kailash_CDS_49,0.9305111821086262,364
Kalah2_CDS_49,0.9760383386581469,260
Kalb97_CDS_10,0.9624600638977636,274
Kalnoky_CDS_10,0.9624600638977636,274
Kalpine_CDS_12,0.9616613418530351,277
Kamiyu_CDS_47,0.9760383386581469,324
Kampe_CDS_40,0.9864217252396166,223
Kampy_CDS_10,0.9600638977635783,276
Kamryn_CDS_217,0.9560702875399361,287
KandZ_CDS_40,0.9656549520766773,376
Kanely_CDS_11,0.9608626198083067,273
Kanye_CDS_37,0.9704472843450479,248
KappaFarmDelta_CDS_27,0.987220447284345,246
Kareem_CDS_28,0.9624600638977636,355
Karhdo_CDS_31,0.9600638977635783,283
Kasen3_CDS_28,0.9624600638977636,355
KashFlow_CDS_42,0.9760383386581469,260
Katalie136_CDS_10,0.9608626198083067,278
Katniss_CDS_50,0.9305111821086262,364
Katyusha_CDS_44,0.9824281150159745,253
KayaCho_CDS_42,0.9648562300319489,292
KBG_CDS_11,0.9608626198083067,273
Kboogie_CDS_223,0.9568690095846646,288
Keitabear_CDS_45,0.9848242811501597,225
Keitherie_CDS_49,0.9305111821086262,364
Kenmech_CDS_11,0.9608626198083067,273
Kenna_CDS_27,0.9856230031948882,189
Kenosha_CDS_30,0.9848242811501597,243
Kenuha5_CDS_28,0.9592651757188498,282
Kerberos_CDS_9,0.9680511182108626,214
Kerry_CDS_27,0.9848242811501597,242
Kersh_CDS_30,0.9600638977635783,283
Keshu_CDS_32,0.9720447284345048,227
Kevin1_CDS_27,0.9656549520766773,343
Kewpiedoll_CDS_45,0.9848242811501597,225
KFPoly_CDS_10,0.9600638977635783,276
Khaleesi_CDS_217,0.9560702875399361,287
KidneyBean_CDS_19,0.9824281150159745,219
Kikipoo_CDS_50,0.9305111821086262,364
Kiko_CDS_27,0.9880191693290735,219
KilKor_CDS_27,0.9640575079872205,343
Killigrew_CDS_8,0.9608626198083067,273
Kimberlium_CDS_33,0.9672523961661342,211
Kimbrough_CDS_49,0.9305111821086262,364
Kimchi_CDS_37,0.9704472843450479,248
KimmyK_CDS_45,0.9864217252396166,234
Kimona_CDS_5,0.9688498402555911,205
Kinbote_CDS_33,0.9624600638977636,364
KingCyrus_CDS_12,0.9664536741214057,288
KingMidas_CDS_33,0.9640575079872205,293
Kingmustik0402_CDS_10,0.9600638977635783,276
Kingsley_CDS_30,0.9672523961661342,315
Kingsolomon_CDS_28,0.9688498402555911,308
KingTut_CDS_40,0.9305111821086262,364
KingVeVeVe_CDS_49,0.9305111821086262,364
KiSi_CDS_29,0.9712460063897763,210
Kita_CDS_27,0.9856230031948882,188
KittenMittens_CDS_6,0.9616613418530351,276
Klein_CDS_49,0.9768370607028753,259
KlimbOn_CDS_49,0.9305111821086262,364
Kloppinator_CDS_50,0.9305111821086262,364
KLucky39_CDS_49,0.9305111821086262,364
Knocker_CDS_50,0.963258785942492,287
Koella_CDS_25,0.9600638977635783,283
Koguma_CDS_215,0.9560702875399361,287
Konstantine_CDS_43,0.9720447284345048,378
Koreni_CDS_9,0.9600638977635783,276
Kostya_CDS_36,0.9704472843450479,248
Kratark_CDS_10,0.9592651757188498,275
Kratio_CDS_28,0.9736421725239617,216
Krili_CDS_66,0.9616613418530351,298
KristaRAM_CDS_32,0.9592651757188498,282
Kristoff_CDS_10,0.9624600638977636,277
Kronus_CDS_46,0.9768370607028753,325
Kroos_CDS_46,0.9856230031948882,229
Krueger_CDS_31,0.9712460063897763,211
Krypton555_CDS_28,0.9688498402555911,308
Ksquared_CDS_27,0.9640575079872205,343
KSSJEB_CDS_9,0.9608626198083067,273
Kudefre_CDS_114,0.9848242811501597,221
Kugel_CDS_11,0.9608626198083067,273
Kumao_CDS_39,0.9648562300319489,296
Kurt_CDS_19,0.9824281150159745,219
Kuwabara_CDS_27,0.9856230031948882,189
Kvothe_CDS_44,0.9824281150159745,253
Kwadwo_CDS_48,0.9305111821086262,364
Kwekel_CDS_57,0.9832268370607029,238
Kwksand96_CDS_48,0.9305111821086262,364
Kyee_CDS_10,0.9600638977635783,276
Kykar_CDS_8,0.9608626198083067,273
KyMonks1A_CDS_11,0.9608626198083067,273
L5_CDS_9,0.9680511182108626,214
Labelle_CDS_41,0.9728434504792333,307
Labeouficaum_CDS_48,0.9305111821086262,364
LadyBird_CDS_10,0.9616613418530351,277
Lamberg_CDS_23,0.9888178913738019,219
Lambert1_CDS_9,0.9624600638977636,274
Lambo_CDS_86,0.9832268370607029,261
Lamina13_CDS_10,0.9608626198083067,273
Langerak_CDS_27,0.9648562300319489,344
Larenn_CDS_11,0.9616613418530351,279
LarryKay_CDS_9,0.9616613418530351,273
Larva_CDS_30,0.9728434504792333,219
Lasso_CDS_49,0.9305111821086262,364
LastHope_CDS_30,0.9688498402555911,245
LastJedi_CDS_25,0.9600638977635783,283
Latch_CDS_219,0.9560702875399361,287
LaterM_CDS_30,0.9648562300319489,246
Latretium_CDS_32,0.9592651757188498,281
Lauer_CDS_43,0.9856230031948882,250
LBerry_CDS_9,0.9616613418530351,273
LeBron_CDS_26,0.9608626198083067,294
LeeLot_CDS_49,0.9305111821086262,364
Lego3393_CDS_48,0.9305111821086262,364
Legolas_CDS_49,0.9305111821086262,364
LeMond_CDS_29,0.9712460063897763,210
LemonSlice_CDS_49,0.9305111821086262,364
Lemuria_CDS_29,0.9648562300319489,361
Lemur_CDS_10,0.9600638977635783,276
Lennon_CDS_45,0.9848242811501597,225
LeoAvram_CDS_10,0.9608626198083067,277
Leogania_CDS_13,0.963258785942492,281
Leonard_CDS_44,0.9864217252396166,222
Leopard_CDS_46,0.9664536741214057,251
Leozinho_CDS_33,0.963258785942492,292
Leperchaun_CDS_31,0.9600638977635783,283
Leroy_CDS_28,0.9848242811501597,188
Lesedi_CDS_9,0.9608626198083067,273
Leston_CDS_29,0.963258785942492,244
LestyG_CDS_47,0.9760383386581469,324
Lev2_CDS_7,0.9784345047923323,242
Leviathan_CDS_12,0.9664536741214057,288
Lewan_CDS_28,0.9624600638977636,276
LHTSCC_CDS_10,0.9592651757188498,275
Licorice_CDS_12,0.9624600638977636,264
Liefie_CDS_28,0.9616613418530351,354
LifeSavor_CDS_218,0.9568690095846646,288
Ligma_CDS_42,0.9888178913738019,226
Lilac_CDS_37,0.9704472843450479,248
Lilas_CDS_27,0.9880191693290735,231
Lilbeanie_CDS_44,0.987220447284345,235
LilDestine_CDS_28,0.9624600638977636,276
LilHazelnut_CDS_33,0.9624600638977636,364
LilhomieP_CDS_37,0.9640575079872205,278
Lilith_CDS_9,0.9616613418530351,273
Lilizi_CDS_37,0.9704472843450479,248
LilMcDreamy_CDS_46,0.9648562300319489,296
LilMoolah_CDS_31,0.9600638977635783,283
LilPharaoh_CDS_27,0.9736421725239617,219
Lilpickle_CDS_34,0.9704472843450479,248
LilSpotty_CDS_32,0.9672523961661342,315
LilTurb_CDS_12,0.9664536741214057,288
LilyPad_CDS_89,0.9896166134185304,224
LindNT_CDS_30,0.9648562300319489,246
Linetti_CDS_50,0.9832268370607029,265
LinStu_CDS_213,0.9560702875399361,287
LitninMcQueen_CDS_27,0.9848242811501597,188
LittleB_CDS_10,0.9600638977635783,276
LittleCherry_CDS_7,0.9784345047923323,242
LittleE_CDS_53,0.9760383386581469,260
LittleFella_CDS_91,0.9896166134185304,218
LittleGuy_CDS_10,0.9608626198083067,278
LittleLaf_CDS_56,0.9640575079872205,339
LittleMunchkin_CDS_44,0.9888178913738019,226
Littleton_CDS_221,0.9560702875399361,287
Lizziana_CDS_31,0.9600638977635783,283
Lizzo_CDS_48,0.9824281150159745,263
Llama_CDS_31,0.9600638977635783,283
Loadrie_CDS_28,0.9624600638977636,276
Loanshark_CDS_216,0.9560702875399361,287
LochMonster_CDS_10,0.9592651757188498,275
Lockley_CDS_10,0.9608626198083067,273
Lokk_CDS_13,0.9616613418530351,280
Lolalove_CDS_45,0.9688498402555911,405
LolaVinca_CDS_218,0.9560702875399361,287
Lollipop1437_CDS_23,0.9808306709265175,233
Lolly9_CDS_28,0.9688498402555911,308
LonelyBoi_CDS_27,0.9856230031948882,188
Longacauda_CDS_48,0.9305111821086262,364
Lopton_CDS_10,0.9608626198083067,273
Lorde_CDS_33,0.9672523961661342,315
LordFarquaad_CDS_24,0.9888178913738019,221
Lorenzo_CDS_10,0.9600638977635783,276
Loser_CDS_13,0.9616613418530351,277
LostAndPhound_CDS_48,0.9305111821086262,364
Louie6_CDS_9,0.9616613418530351,273
LouisV14_CDS_28,0.9624600638977636,355
Love_CDS_49,0.9848242811501597,225
LRRHood_CDS_209,0.9568690095846646,288
Lton_CDS_23,0.9888178913738019,219
Luchador_CDS_10,0.9680511182108626,279
Lucky10_CDS_24,0.9888178913738019,220
Lucky2013_CDS_48,0.9696485623003195,296
LuckyLeo_CDS_84,0.9840255591054313,256
LuckyMarjie_CDS_48,0.9305111821086262,364
LugYA_CDS_11,0.9616613418530351,273
Luke_CDS_33,0.9624600638977636,364
Lukilu_CDS_206,0.9560702875399361,287
Lulumae_CDS_48,0.9305111821086262,364
Lulwa_CDS_49,0.9305111821086262,364
Lumine_CDS_48,0.9305111821086262,364
Lumos_CDS_28,0.9688498402555911,308
Luna22_CDS_32,0.9624600638977636,364
LunaBlu_CDS_34,0.963258785942492,292
Lunahalos_CDS_30,0.9648562300319489,246
Lutum_CDS_28,0.9856230031948882,189
Lysidious_CDS_26,0.9864217252396166,249
MA5_CDS_9,0.9688498402555911,207
Maby2021_CDS_220,0.9568690095846646,288
MacGully_CDS_23,0.9880191693290735,272
MacnCheese_CDS_32,0.9720447284345048,227
Maco6_CDS_30,0.9736421725239617,362
MadamMonkfish_CDS_35,0.9704472843450479,248
Madeline_CDS_25,0.9856230031948882,187
Madiba_CDS_29,0.9600638977635783,283
Madi_CDS_94,0.9888178913738019,224
MadMarie_CDS_9,0.9616613418530351,273
MadMen_CDS_29,0.9592651757188498,282
Madruga_CDS_40,0.9728434504792333,307
Mag7_CDS_48,0.9305111821086262,364
Magel_CDS_27,0.9848242811501597,242
Magic8_CDS_49,0.9305111821086262,364
MagicMan_CDS_26,0.9880191693290735,222
Magnar_CDS_10,0.9640575079872205,275
Magnito_CDS_9,0.9608626198083067,273
Magpie_CDS_43,0.9688498402555911,405
Mahavrat_CDS_31,0.9600638977635783,283
Mahdia_CDS_35,0.9856230031948882,241
Mainiac_CDS_9,0.9616613418530351,273
Majeke_CDS_27,0.9640575079872205,343
Makemake_CDS_10,0.9608626198083067,273
Malachai_CDS_26,0.9864217252396166,250
MalagasyRose_CDS_29,0.9688498402555911,241
Malec_CDS_11,0.9616613418530351,279
Malibo_CDS_27,0.9864217252396166,189
Malinsilva_CDS_11,0.9616613418530351,273
Malisha_CDS_30,0.9848242811501597,189
Malithi_CDS_27,0.9640575079872205,343
Malthus_CDS_32,0.9752396166134185,232
Manad_CDS_49,0.9305111821086262,364
Manasvini_CDS_27,0.9856230031948882,188
Manatee_CDS_10,0.9608626198083067,273
Mana_CDS_48,0.9305111821086262,364
Manda_CDS_36,0.9704472843450479,248
Mandlovu_CDS_32,0.963258785942492,292
Mangeria_CDS_219,0.9560702875399361,287
Mangethe_CDS_27,0.9640575079872205,343
Mantra_CDS_31,0.9600638977635783,283
Manu_CDS_10,0.9624600638977636,274
Maravista_CDS_31,0.9600638977635783,283
Marcell_CDS_10,0.9616613418530351,274
Marcoliusprime_CDS_29,0.9616613418530351,352
Mareelih_CDS_148,0.987220447284345,222
Margaret_CDS_51,0.9848242811501597,265
Marge_CDS_10,0.9608626198083067,273
Margo_CDS_9,0.9624600638977636,274
Maridalia_CDS_27,0.9856230031948882,188
Marietta_CDS_19,0.981629392971246,224
Marie_CDS_9,0.9616613418530351,273
Mariokart_CDS_42,0.9888178913738019,226
Marius_CDS_10,0.9624600638977636,274
MarkPhew_CDS_29,0.9712460063897763,210
Marley1013_CDS_47,0.9768370607028753,325
Marmie_CDS_28,0.9624600638977636,355
Maroc7_CDS_9,0.9608626198083067,273
MarQuardt_CDS_9,0.9616613418530351,273
Marshawn_CDS_31,0.9712460063897763,210
Marsha_CDS_10,0.9616613418530351,274
Marshmallow_CDS_35,0.9704472843450479,248
Marteena_CDS_27,0.9880191693290735,223
Martik_CDS_31,0.9600638977635783,283
Maru_CDS_48,0.9305111821086262,364
MaryBeth_CDS_10,0.9608626198083067,273
MarysWell_CDS_6,0.9784345047923323,242
MaryV_CDS_52,0.9656549520766773,278
Maselop_CDS_20,0.9888178913738019,284
Maskar_CDS_49,0.9305111821086262,364
Mask_CDS_40,0.9728434504792333,375
Matteo_CDS_23,0.9880191693290735,223
Mattes_CDS_31,0.9600638977635783,283
Maverick_CDS_10,0.9600638977635783,276
Maxo_CDS_10,0.9600638977635783,276
Maxxinista_CDS_36,0.9704472843450479,248
Mayweather_CDS_51,0.9856230031948882,249
Mazhar510_CDS_10,0.9600638977635783,276
McGee_CDS_222,0.9560702875399361,287
McGuire_CDS_9,0.9608626198083067,273
McKinley_CDS_47,0.9848242811501597,225
Mcklovin_CDS_25,0.9856230031948882,244
Mcshane_CDS_48,0.9305111821086262,364
McWolfish_CDS_215,0.9560702875399361,287
Mdavu_CDS_27,0.9736421725239617,219
MeaningOfLife_CDS_30,0.9648562300319489,246
Mecca_CDS_48,0.9305111821086262,364
Medusa_CDS_10,0.9608626198083067,276
MeeZee_CDS_10,0.9608626198083067,276
Megamind_CDS_216,0.9560702875399361,287
Megatron_CDS_50,0.9305111821086262,364
Megiddo_CDS_27,0.9640575079872205,343
Melba_CDS_25,0.9864217252396166,250
MelBins_CDS_45,0.9864217252396166,223
Melc17_CDS_49,0.9305111821086262,364
Melissauren88_CDS_31,0.9592651757188498,281
Mellie_CDS_24,0.9864217252396166,250
Melpomini_CDS_214,0.9560702875399361,287
MelsMeow_CDS_49,0.9305111821086262,365
Melvin_CDS_10,0.9608626198083067,276
MerCougar_CDS_19,0.9800319488817891,237
Mercurio_CDS_30,0.9656549520766773,362
Mesh1_CDS_49,0.9305111821086262,364
MetalQZJ_CDS_10,0.9608626198083067,273
Methuselah_CDS_9,0.9616613418530351,273
Meyran_CDS_46,0.9840255591054313,248
MiaZeal_CDS_48,0.9696485623003195,296
MichaelPhcott_CDS_48,0.9305111821086262,364
MichaelScott_CDS_25,0.9856230031948882,244
Michley_CDS_10,0.9608626198083067,273
Microwolf_CDS_9,0.9616613418530351,273
MiculUcigas_CDS_11,0.9616613418530351,277
Midas2_CDS_7,0.9784345047923323,242
MikeLiesIn_CDS_219,0.9560702875399361,287
Mikota_CDS_49,0.9305111821086262,364
Miko_CDS_13,0.9616613418530351,280
Mikro_CDS_214,0.9560702875399361,287
MilanaBonita_CDS_25,0.9592651757188498,281
Milcery_CDS_7,0.9784345047923323,242
Miley16_CDS_28,0.9624600638977636,276
MilleniumForce_CDS_32,0.9592651757188498,281
Millski_CDS_10,0.9600638977635783,276
Milly_CDS_29,0.9616613418530351,352
Mindy_CDS_35,0.9704472843450479,248
Minerva_CDS_55,0.9768370607028753,261
MiniBoss_CDS_49,0.9313099041533547,365
MiniLon_CDS_28,0.9688498402555911,308
MiniMac_CDS_28,0.9688498402555911,308
MinionDave_CDS_34,0.963258785942492,292
Miniwave_CDS_35,0.9704472843450479,248
Minnie_CDS_33,0.9600638977635783,283
MintFen_CDS_25,0.9864217252396166,250
Miramae_CDS_10,0.9608626198083067,277
Misfit_CDS_35,0.9704472843450479,248
Misha28_CDS_32,0.9600638977635783,283
Misomonster_CDS_11,0.9616613418530351,273
MissDaisy_CDS_32,0.9752396166134185,232
MissRona_CDS_27,0.9864217252396166,249
MissWhite_CDS_9,0.9776357827476039,240
MISSy_CDS_34,0.9704472843450479,248
MisterCuddles_CDS_33,0.9672523961661342,315
Mithril_CDS_44,0.9688498402555911,405
MitKao_CDS_49,0.9305111821086262,364
Mitti_CDS_32,0.9744408945686901,231
MK4_CDS_9,0.9688498402555911,207
MkaliMitinis3_CDS_28,0.9624600638977636,276
MmasiCarm_CDS_47,0.9760383386581469,324
Mocha12_CDS_24,0.9896166134185304,222
Modragons_CDS_31,0.9600638977635783,283
Moldemort_CDS_36,0.9704472843450479,248
Molly_CDS_11,0.9608626198083067,273
MoMoMixon_CDS_214,0.9568690095846646,288
Momo_CDS_219,0.9560702875399361,287
Monet_CDS_11,0.9616613418530351,274
MoneyMay_CDS_9,0.9616613418530351,273
Monty_CDS_47,0.9840255591054313,239
MooMoo_CDS_29,0.9616613418530351,291
Moonbeam_CDS_32,0.9600638977635783,283
MoontowerMania_CDS_45,0.9848242811501597,225
MOOREtheMARYer_CDS_29,0.9752396166134185,373
Moosehead_CDS_23,0.9888178913738019,219
Moose_CDS_9,0.9608626198083067,273
Moostard_CDS_28,0.9688498402555911,308
Mopey_CDS_40,0.9656549520766773,376
Morgana_CDS_33,0.987220447284345,233
Morgushi_CDS_49,0.9305111821086262,364
Morizzled23_CDS_217,0.9568690095846646,288
Mori_CDS_67,0.9616613418530351,298
Morkie_CDS_24,0.9888178913738019,220
Morpher26_CDS_10,0.9608626198083067,278
Morrow_CDS_10,0.9608626198083067,277
Mortcellus_CDS_46,0.9760383386581469,324
Morty007_CDS_47,0.9768370607028753,325
Morty_CDS_50,0.9305111821086262,364
Mosaic_CDS_48,0.9305111821086262,364
MosMoris_CDS_54,0.9640575079872205,339
MossRose_CDS_45,0.9888178913738019,226
Mossy_CDS_31,0.9848242811501597,242
Mova_CDS_32,0.9592651757188498,281
Mowgli_CDS_28,0.9624600638977636,355
Mozy_CDS_33,0.9600638977635783,283
MPhalcon_CDS_34,0.9704472843450479,248
MPlant7149_CDS_9,0.9608626198083067,273
MRabcd_CDS_48,0.9305111821086262,364
MrGordo_CDS_10,0.9616613418530351,274
MrMagoo_CDS_43,0.9656549520766773,282
MrMiyagi_CDS_34,0.9808306709265175,284
Mryolo_CDS_9,0.9608626198083067,273
Msay19_CDS_53,0.9832268370607029,264
MScarn_CDS_50,0.9856230031948882,264
MsGreen_CDS_28,0.9688498402555911,308
MuchMore_CDS_11,0.9616613418530351,273
Muddy_CDS_32,0.9768370607028753,321
Mudslide_CDS_44,0.9688498402555911,405
Mufasa_CDS_30,0.9592651757188498,352
Mulan_CDS_49,0.9305111821086262,364
Mule_CDS_10,0.9616613418530351,274
Mundrea_CDS_10,0.9600638977635783,276
Murai_CDS_68,0.9616613418530351,298
Murdoc_CDS_49,0.9305111821086262,364
Murica_CDS_34,0.9704472843450479,248
Murphy_CDS_36,0.9704472843450479,248
Murp_CDS_26,0.9864217252396166,247
Murucutumbu_CDS_30,0.9648562300319489,246
Museum_CDS_11,0.9608626198083067,273
Mutaforma13_CDS_31,0.9592651757188498,282
Mutante_CDS_48,0.9305111821086262,364
Mutzi_CDS_43,0.9864217252396166,234
Mynx_CDS_30,0.9648562300319489,246
Myrale_CDS_35,0.9704472843450479,248
Naca_CDS_7,0.9792332268370607,243
Nacho_CDS_50,0.9305111821086262,364
NadineRae_CDS_17,0.9792332268370607,237
Nadmeg_CDS_31,0.9848242811501597,243
Naija_CDS_219,0.9560702875399361,287
Naira_CDS_9,0.9608626198083067,273
Naji_CDS_9,0.9680511182108626,214
Nanosmite_CDS_43,0.963258785942492,279
Napoleon13_CDS_215,0.9568690095846646,288
Nappy_CDS_218,0.9568690095846646,288
NaSiaTalie_CDS_11,0.9616613418530351,277
NatB6_CDS_19,0.9824281150159745,219
Nazo_CDS_27,0.9720447284345048,369
NearlyHeadless_CDS_7,0.9792332268370607,243
Nebkiss_CDS_35,0.9608626198083067,283
Nebs_CDS_10,0.9608626198083067,277
Nebulosus_CDS_64,0.9896166134185304,198
Necropolis_CDS_27,0.9648562300319489,344
NedWong_CDS_218,0.9560702875399361,287
NEHalo_CDS_10,0.9608626198083067,273
NelitzaMV_CDS_35,0.9704472843450479,248
Nemo27_CDS_10,0.9616613418530351,261
Neobush_CDS_27,0.9856230031948882,188
Neos5_CDS_47,0.9760383386581469,324
Nergal_CDS_27,0.9640575079872205,242
Nerujay_CDS_11,0.9624600638977636,257
Nettuno_CDS_23,0.9888178913738019,219
Netyap_CDS_28,0.9624600638977636,276
Neville_CDS_108,0.9848242811501597,223
Newman_CDS_49,0.9305111821086262,364
Ngannou_CDS_214,0.9560702875399361,287
NHagos_CDS_43,0.9888178913738019,226
Nhonho_CDS_10,0.9616613418530351,274
Niagara_CDS_44,0.9824281150159745,253
Nibbles_CDS_41,0.981629392971246,229
Nibb_CDS_29,0.9704472843450479,209
NiceHouse_CDS_118,0.9488817891373802,445
Nicholasp3_CDS_28,0.9624600638977636,276
Nicholas_CDS_28,0.9688498402555911,308
Nicole21_CDS_49,0.9305111821086262,364
NicoleTera_CDS_12,0.9608626198083067,279
Nidhogg_CDS_219,0.9568690095846646,288
NiebruSaylor_CDS_66,0.9616613418530351,298
Nigel_CDS_43,0.9688498402555911,403
NihilNomen_CDS_48,0.9768370607028753,259
Nikao_CDS_27,0.9736421725239617,219
Niklas_CDS_30,0.9728434504792333,219
Nilo_CDS_40,0.9712460063897763,313
Nimbo_CDS_31,0.9600638977635783,283
Nimrod_CDS_35,0.9704472843450479,248
Nina_CDS_44,0.9880191693290735,264
Nithya_CDS_30,0.9848242811501597,243
Nitzel_CDS_32,0.9600638977635783,283
Nivrat_CDS_31,0.9600638977635783,283
Niza_CDS_11,0.9608626198083067,273
Nodigi_CDS_53,0.9848242811501597,264
Noella_CDS_9,0.9624600638977636,274
Noelle_CDS_10,0.9608626198083067,277
NoodleTree_CDS_210,0.9560702875399361,287
Norbert_CDS_8,0.9624600638977636,274
Nordenberg_CDS_40,0.9848242811501597,225
NormanBulbieJr_CDS_31,0.9600638977635783,283
NorManre_CDS_91,0.9832268370607029,262
Norm_CDS_218,0.9560702875399361,287
NorthStar_CDS_10,0.9600638977635783,276
Norz_CDS_12,0.9616613418530351,274
NoShow_CDS_27,0.9832268370607029,338
NosilaM_CDS_21,0.9776357827476039,235
NoSleep_CDS_36,0.9704472843450479,248
NotAPhaseMom_CDS_10,0.9600638977635783,276
NothingSpecial_CDS_12,0.963258785942492,280
NovaSharks_CDS_86,0.9832268370607029,262
Nova_CDS_39,0.9656549520766773,376
NovumRegina_CDS_19,0.9824281150159745,219
Nozo_CDS_47,0.9760383386581469,324
Nubi_CDS_44,0.9864217252396166,234
NuevoMundo_CDS_221,0.9560702875399361,287
Numberten_CDS_49,0.9305111821086262,364
Nutello_CDS_27,0.9736421725239617,219
Nyala_CDS_48,0.9305111821086262,364
Nyceirae_CDS_51,0.9840255591054313,249
Nymphadora_CDS_25,0.9856230031948882,184
Nyxis_CDS_10,0.9608626198083067,278
Oaker_CDS_38,0.9728434504792333,379
Obama12_CDS_10,0.9592651757188498,275
ObLaDi_CDS_33,0.987220447284345,234
Obliviate_CDS_25,0.987220447284345,249
OBUpride_CDS_33,0.9624600638977636,364
Obutu_CDS_47,0.9760383386581469,324
Ochi17_CDS_29,0.9600638977635783,283
OctaviousRex_CDS_28,0.9624600638977636,355
Octobien14_CDS_109,0.9840255591054313,220
ODay_CDS_32,0.9856230031948882,189
Odesza_CDS_27,0.9848242811501597,242
OfUltron_CDS_31,0.9600638977635783,283
Ogopogo_CDS_31,0.9600638977635783,283
Ohfah_CDS_10,0.9608626198083067,277
Ohgeesy_CDS_25,0.9856230031948882,187
OhMyWard_CDS_30,0.9848242811501597,242
Ohno789_CDS_9,0.9608626198083067,273
OhShagHennessy_CDS_26,0.9608626198083067,294
OKaNui_CDS_10,0.9600638977635783,276
OKCentral2016_CDS_9,0.9624600638977636,277
OkiRoe_CDS_29,0.963258785942492,244
OlanP_CDS_9,0.963258785942492,275
OldBen_CDS_31,0.9600638977635783,283
OlgasClover_CDS_30,0.9848242811501597,243
Olga_CDS_28,0.9624600638977636,355
Oline_CDS_48,0.9305111821086262,364
OliverWalter_CDS_49,0.9305111821086262,364
Olive_CDS_49,0.9305111821086262,364
Ollie_CDS_9,0.9616613418530351,273
OlympiaSaint_CDS_31,0.9600638977635783,283
OmniCritical_CDS_32,0.9744408945686901,231
Omnicron_CDS_30,0.9656549520766773,242
Omniscient_CDS_49,0.9305111821086262,364
OneDirection_CDS_22,0.9888178913738019,219
Onyinye_CDS_47,0.9664536741214057,251
Oogway_CDS_9,0.9608626198083067,273
Oosterbaan_CDS_49,0.9305111821086262,364
Opie_CDS_26,0.9880191693290735,222
Optimus_CDS_54,0.9760383386581469,260
OrangeOswald_CDS_47,0.9760383386581469,324
Orchid_CDS_39,0.9864217252396166,223
Oregano_CDS_25,0.9856230031948882,244
OrionPax_CDS_36,0.9704472843450479,248
Orion_CDS_50,0.9305111821086262,364
Orla_CDS_53,0.9848242811501597,264
Oscar_CDS_29,0.9712460063897763,210
OSmaximus_CDS_50,0.9305111821086262,364
OtterstedtS21_CDS_87,0.9832268370607029,262
Outis_CDS_19,0.9800319488817891,237
Ovechkin_CDS_32,0.9672523961661342,315
OwlsT2W_CDS_32,0.9592651757188498,282
P28Green_CDS_9,0.9616613418530351,273
Pacc40_CDS_31,0.9600638977635783,283
PacerPaul_CDS_10,0.9608626198083067,273
Padfoot_CDS_30,0.9648562300319489,246
Padpat_CDS_30,0.9648562300319489,246
Paito_CDS_28,0.963258785942492,359
Palestino_CDS_10,0.9600638977635783,276
Panamaxus_CDS_9,0.9624600638977636,274
Paola_CDS_29,0.963258785942492,244
Paperbeatsrock_CDS_37,0.9704472843450479,248
Papez_CDS_12,0.9608626198083067,273
Paphu_CDS_9,0.9608626198083067,273
Papyrus_CDS_39,0.9712460063897763,313
Paraselene_CDS_9,0.9608626198083067,273
Paries_CDS_48,0.9848242811501597,225
Pari_CDS_10,0.9608626198083067,273
ParkTD_CDS_219,0.9560702875399361,287
Parliament_CDS_9,0.9616613418530351,274
ParvusTarda_CDS_86,0.9832268370607029,262
PascalRango_CDS_9,0.9608626198083067,273
Pat3_CDS_34,0.9704472843450479,248
Patio_CDS_21,0.9808306709265175,233
Patos_CDS_91,0.9832268370607029,262
PatrickStar_CDS_40,0.9864217252396166,223
Patter_CDS_220,0.9560702875399361,287
PattyP_CDS_11,0.9608626198083067,273
Patt_CDS_32,0.9752396166134185,232
PCoral7_CDS_26,0.9888178913738019,222
PeaceMeal1_CDS_6,0.9616613418530351,276
Peaches_CDS_10,0.9608626198083067,276
Peanam_CDS_30,0.9728434504792333,219
Peeb_CDS_28,0.9624600638977636,355
Peel_CDS_30,0.9648562300319489,246
PegLeg_CDS_38,0.9640575079872205,278
Pembroke_CDS_9,0.9616613418530351,273
Penelope2018_CDS_40,0.9656549520766773,376
PenguinLover67_CDS_50,0.9648562300319489,410
Penny1_CDS_9,0.9616613418530351,273
Pepe_CDS_11,0.9608626198083067,273
Peregrin_CDS_29,0.9888178913738019,210
Periodt_CDS_28,0.9640575079872205,354
Periwinkle_CDS_30,0.9848242811501597,188
PermaG_CDS_30,0.9728434504792333,201
Perplexer_CDS_10,0.9608626198083067,278
Perseus_CDS_11,0.9608626198083067,273
PeterPeter_CDS_10,0.9600638977635783,276
Peterson_CDS_13,0.9608626198083067,273
PetiteSangsue_CDS_10,0.9608626198083067,278
Petp2012_CDS_11,0.9608626198083067,273
Petra_CDS_27,0.9864217252396166,245
Petruchio_CDS_10,0.9608626198083067,273
PetterN_CDS_8,0.9792332268370607,243
PG1_CDS_50,0.9305111821086262,364
PGHhamlin_CDS_11,0.9616613418530351,273
Phabuloso_CDS_27,0.9848242811501597,188
Phacado_CDS_10,0.9600638977635783,276
Phaded_CDS_13,0.9640575079872205,283
Phaedrus_CDS_45,0.9760383386581469,324
Phaja_CDS_35,0.9704472843450479,248
Phalconet_CDS_31,0.9600638977635783,283
Phalm_CDS_27,0.9640575079872205,343
Phamished_CDS_50,0.9305111821086262,364
Phanphagia_CDS_28,0.9592651757188498,281
Phantastic_CDS_9,0.9688498402555911,207
PHappiness_CDS_31,0.9600638977635783,283
Phareon_CDS_49,0.9305111821086262,364
Pharsalus_CDS_36,0.9704472843450479,248
Phasih_CDS_32,0.9600638977635783,283
PhatCats2014_CDS_50,0.9305111821086262,364
PhatLouie_CDS_49,0.9305111821086262,364
Phatniss_CDS_32,0.9600638977635783,283
Phauci_CDS_37,0.9864217252396166,223
Phaux_CDS_34,0.9704472843450479,248
Phayeta_CDS_48,0.9760383386581469,324
Phayonce_CDS_27,0.9704472843450479,366
Phegasus_CDS_27,0.9640575079872205,343
Phelemich_CDS_47,0.9680511182108626,416
Phelipe_CDS_10,0.9600638977635783,276
PhelpsODU_CDS_30,0.9712460063897763,211
PhenghisKhan_CDS_48,0.9305111821086262,364
Phepper_CDS_30,0.9848242811501597,243
Pherdinand_CDS_50,0.9273162939297125,367
Phergie_CDS_49,0.9305111821086262,364
Pherobrine_CDS_29,0.9856230031948882,243
PherrisBueller_CDS_11,0.9608626198083067,273
Phighter1804_CDS_10,0.9592651757188498,275
Phillis_CDS_7,0.9792332268370607,243
Philly_CDS_46,0.9760383386581469,324
Philus_CDS_31,0.9600638977635783,283
Phineas_CDS_27,0.9640575079872205,343
Phipps_CDS_49,0.9305111821086262,364
PhishRPhriends_CDS_8,0.9624600638977636,274
Phishy_CDS_50,0.9840255591054313,248
Phish_CDS_28,0.9624600638977636,355
Phistory_CDS_29,0.9848242811501597,188
Phlegm_CDS_223,0.9560702875399361,287
Phleuron_CDS_48,0.9305111821086262,364
Phlop_CDS_43,0.9864217252396166,234
Phlorence_CDS_7,0.9784345047923323,242
Phlyer_CDS_47,0.9760383386581469,324
Phoebe_CDS_9,0.9616613418530351,273
Phoebus_CDS_48,0.9760383386581469,260
Phontbonne_CDS_10,0.9608626198083067,278
PhorbesPhlower_CDS_24,0.9888178913738019,220
Phoxy_CDS_9,0.9616613418530351,273
Phox_CDS_214,0.9568690095846646,288
PhrankReynolds_CDS_48,0.9305111821086262,364
Phrank_CDS_30,0.9712460063897763,211
Phranny_CDS_10,0.9624600638977636,274
Phrann_CDS_26,0.9656549520766773,345
Phrappuccino_CDS_34,0.9744408945686901,350
Phreak_CDS_28,0.9624600638977636,355
Phreeze_CDS_38,0.9720447284345048,378
PhrodoBaggins_CDS_50,0.9305111821086262,364
PhrostedPhlake_CDS_27,0.9864217252396166,250
PhrostyMug_CDS_10,0.9616613418530351,274
Phrux_CDS_35,0.9704472843450479,248
Phunky_CDS_49,0.9305111821086262,364
Phusco_CDS_217,0.9560702875399361,287
Piatt_CDS_30,0.9648562300319489,246
Pickett_CDS_23,0.9888178913738019,219
PickleBack_CDS_7,0.9784345047923323,242
PierreThree_CDS_49,0.9832268370607029,265
Pier_CDS_218,0.9568690095846646,288
Piglet_CDS_49,0.9305111821086262,364
PinheadLarry_CDS_49,0.9305111821086262,364
PinkCoffee_CDS_46,0.9864217252396166,234
Pinkcreek_CDS_202,0.957667731629393,279
Pinkman_CDS_48,0.9305111821086262,364
PinkPlastic_CDS_8,0.9608626198083067,273
PinkYoshi_CDS_28,0.9624600638977636,355
Pinnie_CDS_29,0.9752396166134185,372
Pinto_CDS_12,0.9608626198083067,273
Pio_CDS_223,0.9568690095846646,288
Pipcraft_CDS_10,0.9608626198083067,276
Piper2020_CDS_33,0.9600638977635783,283
Pippin_CDS_11,0.9608626198083067,273
Pippy_CDS_25,0.9600638977635783,283
Pipp_CDS_25,0.9864217252396166,249
Pipsqueak_CDS_49,0.9305111821086262,364
Piro94_CDS_11,0.9616613418530351,277
Pistachio_CDS_9,0.9688498402555911,207
Pita2_CDS_11,0.9608626198083067,273
Pivoine_CDS_219,0.9560702875399361,287
Pixie_CDS_31,0.9720447284345048,227
Placalicious_CDS_48,0.9305111821086262,364
Plagueis_CDS_28,0.9624600638977636,355
Pleakley_CDS_25,0.9824281150159745,199
Pleione_CDS_220,0.9568690095846646,288
Plmatters_CDS_49,0.9305111821086262,364
Plumbus_CDS_33,0.9600638977635783,283
Pocahontas_CDS_9,0.9624600638977636,274
Podrick_CDS_49,0.9305111821086262,364
Poenanya_CDS_31,0.9600638977635783,283
Poise_CDS_56,0.9640575079872205,339
Pokerus_CDS_30,0.9648562300319489,246
PokyPuppy_CDS_48,0.9824281150159745,261
Polka14_CDS_32,0.9600638977635783,283
Pollux_CDS_27,0.9880191693290735,223
Pollywog_CDS_31,0.9592651757188498,282
Polly_CDS_24,0.9864217252396166,185
Polymorphads_CDS_10,0.9608626198083067,277
Polyyuki_CDS_20,0.9888178913738019,284
Pomar16_CDS_9,0.9680511182108626,214
Pons_CDS_48,0.9848242811501597,246
Poompha_CDS_6,0.9616613418530351,276
Popcicle_CDS_9,0.9624600638977636,274
Pops_CDS_49,0.9305111821086262,364
PopTart_CDS_31,0.9600638977635783,283
Porcelain_CDS_47,0.9696485623003195,296
Porky_CDS_35,0.9704472843450479,248
Portcullis_CDS_45,0.9864217252396166,234
Posh_CDS_28,0.9856230031948882,189
PotatoSplit_CDS_10,0.9616613418530351,273
Potter_CDS_48,0.9305111821086262,364
Pound_CDS_51,0.9768370607028753,259
Power_CDS_11,0.9664536741214057,288
PP_CDS_20,0.9688498402555911,208
Predator_CDS_40,0.9696485623003195,373
Prickles_CDS_49,0.9305111821086262,364
Pringar_CDS_56,0.9640575079872205,339
Priscilla_CDS_31,0.9600638977635783,283
Prithvi_CDS_30,0.9648562300319489,246
ProfessorX_CDS_49,0.9305111821086262,364
Psycho_CDS_30,0.9728434504792333,219
Puhltonio_CDS_49,0.9305111821086262,364
Pukovnik_CDS_12,0.9640575079872205,283
PullumCavea_CDS_43,0.9864217252396166,234
Pumbaa_CDS_10,0.9592651757188498,275
Pumpkin_CDS_37,0.9704472843450479,248
Puppers_CDS_35,0.9880191693290735,219
Pupper_CDS_176,0.9880191693290735,221
Puppy_CDS_9,0.9688498402555911,207
PurduePete_CDS_219,0.9560702875399361,287
PurpleHaze_CDS_9,0.9624600638977636,274
Pytheas_CDS_28,0.9856230031948882,189
QBert_CDS_211,0.9560702875399361,287
Quallification_CDS_36,0.9704472843450479,248
Quasar_CDS_45,0.9880191693290735,264
Quasimodo_CDS_221,0.9560702875399361,287
QueenB2_CDS_11,0.9616613418530351,279
QueenBeane_CDS_49,0.9305111821086262,364
QueenBeesly_CDS_11,0.9664536741214057,288
QueenHazel_CDS_26,0.9640575079872205,343
Quesadilla_CDS_50,0.9648562300319489,410
QuickMath_CDS_32,0.9600638977635783,283
Quico_CDS_32,0.9600638977635783,283
QuincyRose_CDS_30,0.9648562300319489,246
QuinnKiro_CDS_8,0.9624600638977636,274
Rabbitrun_CDS_112,0.9840255591054313,221
Rabbs_CDS_28,0.9616613418530351,354
Rabinovish_CDS_215,0.9568690095846646,288
Rachaly_CDS_13,0.9616613418530351,280
Radiance_CDS_31,0.9600638977635783,283
Raela_CDS_56,0.9640575079872205,339
RagingRooster_CDS_47,0.9760383386581469,324
Rahel_CDS_220,0.9568690095846646,288
Rahul_CDS_17,0.9800319488817891,262
Rajelicia_CDS_9,0.9616613418530351,274
Rakim_CDS_36,0.9704472843450479,248
Ramen_CDS_30,0.9648562300319489,246
Ramsey_CDS_34,0.9640575079872205,293
Ranch_CDS_90,0.9832268370607029,262
Rando14_CDS_30,0.9656549520766773,242
Rapunzel97_CDS_30,0.9648562300319489,246
RavenCo17_CDS_24,0.9880191693290735,224
RawrgerThat_CDS_45,0.9688498402555911,405
RayTheFireFly_CDS_27,0.9880191693290735,218
Reba_CDS_10,0.9624600638977636,274
RedBird_CDS_31,0.9600638977635783,283
RedMaple_CDS_49,0.9305111821086262,364
RedRaider77_CDS_55,0.9640575079872205,339
Refuge_CDS_13,0.9672523961661342,284
Reindeer_CDS_38,0.9640575079872205,278
Relief_CDS_10,0.9600638977635783,276
Rem711_CDS_36,0.9736421725239617,350
RemRem_CDS_49,0.9824281150159745,263
Remy19_CDS_28,0.9624600638977636,355
Renaissance_CDS_28,0.9624600638977636,355
Renaud18_CDS_31,0.9592651757188498,282
Reptar3000_CDS_32,0.9744408945686901,231
Retro23_CDS_11,0.9664536741214057,288
Reyja_CDS_51,0.9832268370607029,263
Rey_CDS_43,0.9624600638977636,278
Rhynn_CDS_9,0.9608626198083067,273
RhynO_CDS_9,0.9616613418530351,276
Rialto_CDS_35,0.9600638977635783,283
Ribeye_CDS_46,0.9848242811501597,228
Rich_CDS_47,0.9688498402555911,380
Rickmore_CDS_29,0.9840255591054313,242
RidgeCB_CDS_10,0.9608626198083067,273
Riggan_CDS_49,0.9305111821086262,364
Rimmer_CDS_34,0.9704472843450479,248
Ringer_CDS_10,0.9616613418530351,274
Riparian_CDS_39,0.9712460063897763,313
Rita1961_CDS_47,0.9760383386581469,324
RitaG_CDS_32,0.9600638977635783,283
Rita_CDS_32,0.9592651757188498,282
RiverMonster_CDS_35,0.9704472843450479,248
Rizal_CDS_206,0.9560702875399361,287
RoadKill_CDS_54,0.9832268370607029,238
Roary_CDS_7,0.9792332268370607,243
RobinSparkles_CDS_42,0.9864217252396166,223
Robyn_CDS_48,0.9305111821086262,364
Rockne_CDS_31,0.9600638977635783,283
Rockstar_CDS_9,0.9688498402555911,207
RockyHorror_CDS_32,0.9600638977635783,283
Rofo_CDS_46,0.9848242811501597,225
RogerDodger_CDS_47,0.9864217252396166,234
Rohr_CDS_10,0.9608626198083067,273
Roliet_CDS_49,0.9305111821086262,364
RoMag_CDS_213,0.9560702875399361,287
RomaT_CDS_47,0.9760383386581469,324
Romney_CDS_10,0.9600638977635783,276
Ronan_CDS_214,0.9560702875399361,287
Roney_CDS_27,0.9848242811501597,242
Roosevelt_CDS_10,0.9600638977635783,276
Roots515_CDS_222,0.9560702875399361,287
Rope_CDS_39,0.9712460063897763,313
Roscoe_CDS_50,0.9305111821086262,364
Rose5_CDS_26,0.9608626198083067,294
Rosmarinus_CDS_30,0.9648562300319489,246
Roy17_CDS_49,0.9305111821086262,364
RoyalG_CDS_49,0.981629392971246,261
Royals2015_CDS_31,0.9600638977635783,283
Rubeelu_CDS_27,0.9656549520766773,343
Rubeus_CDS_10,0.9608626198083067,273
Ruby_CDS_33,0.9672523961661342,315
Rufus_CDS_10,0.9608626198083067,273
Ruin_CDS_10,0.9600638977635783,276
Rumi_CDS_85,0.9832268370607029,262
Rummer_CDS_9,0.9616613418530351,273
Rumpelstiltskin_CDS_28,0.9616613418530351,294
Runhaar_CDS_30,0.9848242811501597,243
Ruotula_CDS_9,0.9608626198083067,273
Rutherferd_CDS_11,0.9608626198083067,273
Ruthiejr_CDS_33,0.9744408945686901,231
Ruthy_CDS_29,0.9856230031948882,243
Ryadel_CDS_71,0.9616613418530351,298
Saal_CDS_31,0.9600638977635783,283
Sabbb_CDS_32,0.9600638977635783,283
Sabertooth_CDS_10,0.9600638977635783,276
Sabia_CDS_9,0.9616613418530351,273
Sabinator_CDS_9,0.9616613418530351,273
Sadboi_CDS_86,0.9840255591054313,262
Sagefire_CDS_11,0.9608626198083067,273
Saguaro_CDS_50,0.9680511182108626,424
Sahara_CDS_23,0.9896166134185304,222
Saints25_CDS_36,0.9704472843450479,248
Saintus_CDS_7,0.9792332268370607,243
Saintus_CDS_8,0.9456869009584664,516
Salacia_CDS_222,0.9560702875399361,287
Salvador_CDS_43,0.9864217252396166,234
Sam12_CDS_48,0.9824281150159745,263
Samaymay_CDS_49,0.9305111821086262,364
Samba_CDS_25,0.9864217252396166,250
Samman98_CDS_25,0.9856230031948882,244
Sampson_CDS_46,0.9856230031948882,222
Sampudon_CDS_88,0.9832268370607029,262
SamScheppers_CDS_32,0.9744408945686901,231
Samty_CDS_28,0.9688498402555911,308
SamuelLPlaqson_CDS_30,0.9648562300319489,246
Sandalphon_CDS_32,0.9600638977635783,283
Sanjuju_CDS_44,0.9848242811501597,225
Santhid_CDS_48,0.9832268370607029,270
Sapo_CDS_40,0.9856230031948882,245
SarFire_CDS_10,0.9608626198083067,273
Sarma624_CDS_27,0.9592651757188498,281
Sassafras_CDS_32,0.9640575079872205,293
Sassay_CDS_34,0.9704472843450479,248
SassyB_CDS_31,0.9600638977635783,283
SassyCat97_CDS_48,0.9305111821086262,364
Sauce_CDS_216,0.9560702875399361,287
Savage_CDS_24,0.9896166134185304,222
Savbucketdawg_CDS_44,0.9864217252396166,234
Sbash_CDS_26,0.9656549520766773,347
SBlackberry_CDS_29,0.9728434504792333,201
Scamp_CDS_10,0.9600638977635783,276
Scarlett_CDS_29,0.9712460063897763,210
SCentae_CDS_175,0.9880191693290735,221
Schadenfreude_CDS_48,0.9305111821086262,364
Schatzie_CDS_46,0.9760383386581469,260
Schiebel_CDS_28,0.9624600638977636,355
Schnabeltier_CDS_26,0.9880191693290735,222
Schomber_CDS_30,0.9904153354632588,220
SchoolBus_CDS_67,0.9616613418530351,298
SchottB_CDS_44,0.9856230031948882,229
Schwartz33_CDS_31,0.9856230031948882,243
Scoot17C_CDS_50,0.9305111821086262,364
Scorpia_CDS_8,0.9792332268370607,243
Scottish_CDS_32,0.9600638977635783,283
ScottMcG_CDS_208,0.9568690095846646,288
Scout_CDS_8,0.9688498402555911,207
Scowl_CDS_11,0.9616613418530351,274
Scrick_CDS_49,0.9305111821086262,364
SDcharge11_CDS_49,0.9305111821086262,364
Seabastian_CDS_31,0.9600638977635783,283
Seabiscuit_CDS_10,0.9608626198083067,273
Seagreen_CDS_32,0.9600638977635783,283
Seanderson_CDS_11,0.9640575079872205,275
Sebata_CDS_216,0.9560702875399361,287
Secretariat_CDS_28,0.9856230031948882,244
Sedona_CDS_45,0.9848242811501597,225
Sejanus_CDS_40,0.9728434504792333,369
Sekhmet_CDS_25,0.9856230031948882,244
SemperFi_CDS_12,0.9664536741214057,288
Send513_CDS_39,0.9712460063897763,313
Sephiroth_CDS_110,0.9840255591054313,220
Serendipity_CDS_49,0.9305111821086262,364
Serenity_CDS_9,0.9680511182108626,214
Serpentine_CDS_49,0.9305111821086262,364
Settecandela_CDS_34,0.9744408945686901,350
Severus_CDS_6,0.9616613418530351,276
SG4_CDS_32,0.9672523961661342,315
SgtBeansprout_CDS_27,0.9736421725239617,219
ShaboiShabazz_CDS_28,0.9624600638977636,355
Shadow1_CDS_30,0.9712460063897763,211
Shaka_CDS_10,0.9600638977635783,276
ShamWow_CDS_35,0.9704472843450479,248
Shaobing_CDS_30,0.9720447284345048,218
Shaqnato_CDS_209,0.9568690095846646,288
Shauna1_CDS_28,0.9592651757188498,281
SheckWes_CDS_50,0.9856230031948882,249
ShedlockHolmes_CDS_32,0.9720447284345048,227
Sheen_CDS_10,0.9688498402555911,207
Sheila_CDS_49,0.9305111821086262,364
SheldonCooper_CDS_10,0.9592651757188498,275
Shelob_CDS_220,0.9560702875399361,287
ShereKhan_CDS_37,0.9704472843450479,248
ShiaLabeouf_CDS_216,0.9568690095846646,288
ShiaSurprise_CDS_30,0.9648562300319489,246
Shida_CDS_67,0.9616613418530351,298
Shifa_CDS_193,0.9560702875399361,287
ShiLan_CDS_31,0.9600638977635783,283
Shipwreck_CDS_29,0.9640575079872205,343
ShiVal_CDS_49,0.9313099041533547,364
Shivanishola_CDS_45,0.9848242811501597,225
Shlim410_CDS_25,0.9856230031948882,244
Shnickers_CDS_217,0.9560702875399361,287
Shrimp_CDS_222,0.9568690095846646,288
ShroomBoi_CDS_28,0.9592651757188498,282
Shygu2_CDS_10,0.9608626198083067,278
Sibs6_CDS_11,0.9608626198083067,273
Sidious_CDS_26,0.9864217252396166,244
Sienna_CDS_96,0.9888178913738019,225
Sigman_CDS_50,0.9305111821086262,364
SilverDipper_CDS_223,0.9560702875399361,287
Silverleaf_CDS_26,0.9608626198083067,294
Simielle_CDS_48,0.9305111821086262,364
Simpliphy_CDS_36,0.9704472843450479,248
SimranZ1_CDS_34,0.9600638977635783,283
SirDuracell_CDS_34,0.9704472843450479,248
SirPhilip_CDS_29,0.9712460063897763,210
SiSi_CDS_31,0.9600638977635783,283
Sisko_CDS_42,0.9880191693290735,226
Sitar_CDS_45,0.9848242811501597,225
Sixama_CDS_154,0.9848242811501597,258
Sizemore_CDS_28,0.9624600638977636,355
SketchMex_CDS_46,0.9856230031948882,264
Skinny_CDS_37,0.9640575079872205,278
Skipitt_CDS_10,0.9600638977635783,276
SkiPole_CDS_12,0.9616613418530351,274
Skippy_CDS_49,0.9305111821086262,364
Skog_CDS_9,0.9880191693290735,220
Skysand_CDS_20,0.9808306709265175,233
Slagathor_CDS_10,0.9608626198083067,273
Slarp_CDS_32,0.9744408945686901,231
Slatt_CDS_49,0.9305111821086262,364
SlimJimmy_CDS_37,0.9640575079872205,278
Slimphazie_CDS_30,0.9648562300319489,246
Smairt_CDS_11,0.9608626198083067,273
SmallFry_CDS_219,0.9568690095846646,288
Smeadley_CDS_7,0.9792332268370607,243
Smeagan_CDS_12,0.9664536741214057,288
Smeagol_CDS_11,0.9608626198083067,274
SmokingBunny_CDS_44,0.9864217252396166,234
Smooch_CDS_70,0.9616613418530351,298
SnapTap_CDS_11,0.9664536741214057,288
Snazzy_CDS_8,0.9608626198083067,273
Sneeze_CDS_28,0.9616613418530351,354
Snenia_CDS_28,0.9688498402555911,308
SoilAssassin_CDS_24,0.9888178913738019,221
SoilDragon_CDS_9,0.9616613418530351,273
Soile_CDS_49,0.9305111821086262,364
Solon_CDS_10,0.9608626198083067,273
Solosis_CDS_48,0.9305111821086262,364
Sombrero_CDS_49,0.9824281150159745,262
Sonah_CDS_27,0.9648562300319489,344
Sophia_CDS_48,0.9305111821086262,364
SophKB_CDS_35,0.9704472843450479,248
SoSeph_CDS_29,0.9656549520766773,246
Soshari_CDS_11,0.9616613418530351,273
Soto_CDS_49,0.9305111821086262,364
Sotrice96_CDS_35,0.9704472843450479,248
Soul22_CDS_36,0.9672523961661342,315
Sour_CDS_47,0.9888178913738019,225
SoYo_CDS_9,0.9616613418530351,273
Sparkdehlily_CDS_31,0.9600638977635783,283
Sparky_CDS_27,0.9720447284345048,371
Spartacus_CDS_33,0.9592651757188498,282
Spartan300_CDS_49,0.9305111821086262,364
Sparxx_CDS_10,0.9600638977635783,276
Specks_CDS_223,0.9560702875399361,287
SpeedDemon_CDS_132,0.987220447284345,224
Spike509_CDS_9,0.9616613418530351,273
SpikeBT_CDS_11,0.9608626198083067,273
Spikelee_CDS_33,0.9600638977635783,283
Spino_CDS_10,0.9600638977635783,276
Spock_CDS_30,0.9648562300319489,246
Spooky_CDS_28,0.9856230031948882,189
Spoonbill_CDS_31,0.9600638977635783,283
Sprinklers_CDS_214,0.9560702875399361,287
Sproutie_CDS_24,0.9896166134185304,222
Spud_CDS_209,0.9568690095846646,288
Squee_CDS_9,0.9608626198083067,273
Squiddly_CDS_30,0.9856230031948882,189
Squid_CDS_49,0.9305111821086262,364
Squiggle_CDS_49,0.9305111821086262,364
Squint_CDS_47,0.9696485623003195,296
SrishMeg2525_CDS_217,0.9568690095846646,288
Stagni_CDS_9,0.9616613418530351,273
StAnnes_CDS_30,0.9672523961661342,315
Stap_CDS_32,0.9592651757188498,282
Starcevich_CDS_35,0.9600638977635783,283
Stark_CDS_36,0.9704472843450479,248
StarStruck_CDS_19,0.9800319488817891,237
StarStuff_CDS_9,0.9680511182108626,214
Stasia_CDS_10,0.9592651757188498,275
SteamedHams_CDS_45,0.9856230031948882,261
StephanieG_CDS_214,0.9560702875399361,287
Stephig9_CDS_7,0.9792332268370607,243
StepMih_CDS_9,0.9616613418530351,273
SteveFrench_CDS_48,0.981629392971246,261
StevieRay_CDS_27,0.9640575079872205,343
Stinger_CDS_43,0.9688498402555911,405
Stinson_CDS_31,0.9656549520766773,247
STLscum_CDS_11,0.9616613418530351,274
StolenFromERC_CDS_37,0.9704472843450479,248
StorminNorm_CDS_45,0.9856230031948882,229
StressBall_CDS_27,0.9640575079872205,343
Strokeseat_CDS_32,0.963258785942492,292
StrongArm_CDS_9,0.9608626198083067,273
Struggle_CDS_48,0.9305111821086262,364
StubbySaigey_CDS_224,0.9568690095846646,288
Stubby_CDS_208,0.9560702875399361,287
Stultus_CDS_44,0.9848242811501597,225
Suerte_CDS_23,0.9856230031948882,244
Suffolk_CDS_49,0.9305111821086262,364
Suigeneris_CDS_49,0.9688498402555911,380
Sukkupi_CDS_19,0.9792332268370607,238
Sulley_CDS_30,0.9648562300319489,246
SummitAcademy_CDS_46,0.9856230031948882,249
Sumter_CDS_9,0.9608626198083067,273
Sunflower1121_CDS_30,0.9712460063897763,211
Sunshine924_CDS_9,0.9608626198083067,273
SuperGrey_CDS_32,0.9592651757188498,282
Superphikiman_CDS_48,0.9696485623003195,296
SuperSulley_CDS_20,0.9776357827476039,235
Surely_CDS_49,0.9305111821086262,364
Survivors_CDS_42,0.981629392971246,229
Suscepit_CDS_27,0.9856230031948882,188
Suzy_CDS_95,0.9880191693290735,223
SwagPigglett_CDS_31,0.9600638977635783,283
SweatNTears_CDS_46,0.9880191693290735,264
SweetiePie_CDS_11,0.9664536741214057,288
Sweets_CDS_28,0.9624600638977636,355
Swirley_CDS_7,0.9784345047923323,242
Swish_CDS_50,0.9273162939297125,367
SwissCheese_CDS_10,0.9608626198083067,273
Switzer_CDS_10,0.9608626198083067,273
SydNat_CDS_7,0.9784345047923323,242
Syleon_CDS_115,0.9840255591054313,220
SynergyX_CDS_47,0.9760383386581469,324
Syra333_CDS_31,0.9712460063897763,211
Tachez_CDS_30,0.9648562300319489,246
Taheera_CDS_28,0.9648562300319489,361
Taj_CDS_31,0.9592651757188498,281
TallGrassMM_CDS_49,0.9305111821086262,364
Tangent_CDS_46,0.9848242811501597,225
Tangerine_CDS_45,0.9848242811501597,228
Tanis_CDS_27,0.9848242811501597,242
Taquarus_CDS_10,0.9600638977635783,276
Taquito_CDS_32,0.9744408945686901,231
Tardus_CDS_47,0.9856230031948882,222
Target_CDS_11,0.9608626198083067,273
Tarkin_CDS_37,0.9704472843450479,248
TarsusIV_CDS_11,0.9664536741214057,288
Tarynearal_CDS_6,0.9784345047923323,242
Tarzan_CDS_50,0.9832268370607029,262
Tasp14_CDS_10,0.9608626198083067,273
Taurus_CDS_9,0.9616613418530351,273
Tayonia_CDS_27,0.9856230031948882,188
TBond007_CDS_31,0.9720447284345048,227
TBrady12_CDS_37,0.9704472843450479,248
TChen_CDS_31,0.9680511182108626,318
TDanisky_CDS_31,0.9600638977635783,283
TeardropMSU_CDS_34,0.9704472843450479,248
Teardrop_CDS_218,0.9568690095846646,288
Teatealatte_CDS_45,0.9824281150159745,253
Techage_CDS_27,0.9640575079872205,343
TelAviv_CDS_64,0.9616613418530351,298
Telesworld_CDS_48,0.9305111821086262,364
Terapin_CDS_96,0.9888178913738019,224
Terminus_CDS_35,0.9704472843450479,248
Terror_CDS_28,0.9648562300319489,361
Tesla_CDS_54,0.9640575079872205,339
Texage_CDS_8,0.9624600638977636,274
Thanksgivukkah_CDS_10,0.9600638977635783,276
ThankyouJordi_CDS_24,0.9864217252396166,188
Theia_CDS_6,0.9784345047923323,242
TheloniousMonk_CDS_11,0.9608626198083067,273
Thespis_CDS_27,0.9640575079872205,343
ThetaBob_CDS_30,0.9672523961661342,317
Thibault_CDS_42,0.9688498402555911,295
Thimann_CDS_25,0.9856230031948882,244
Thonko_CDS_47,0.9664536741214057,357
Thora_CDS_49,0.9305111821086262,364
Thor_CDS_10,0.9608626198083067,273
Thoth_CDS_40,0.9656549520766773,376
ThreeOh3D2_CDS_50,0.9305111821086262,364
ThreeRngTarjay_CDS_47,0.9760383386581469,260
Thresher_CDS_36,0.9704472843450479,248
ThulaThula_CDS_27,0.9704472843450479,366
Thumb_CDS_38,0.9728434504792333,379
Thyatira_CDS_29,0.963258785942492,244
Tiamoceli_CDS_57,0.9832268370607029,238
Tierra_CDS_30,0.9712460063897763,211
Tiffany_CDS_9,0.9616613418530351,273
Tiger_CDS_7,0.9784345047923323,242
TillyBobJoe_CDS_44,0.9864217252396166,234
Timmi_CDS_48,0.9305111821086262,364
Timshel_CDS_10,0.9624600638977636,278
TimTam_CDS_25,0.9856230031948882,187
TinaFeyge_CDS_10,0.9600638977635783,276
TiniBug_CDS_30,0.9648562300319489,246
Tinybot_CDS_9,0.9592651757188498,275
TinyTim_CDS_217,0.9568690095846646,288
TipsytheTRex_CDS_9,0.9720447284345048,275
Tiri_CDS_30,0.9648562300319489,246
TiroTheta9_CDS_10,0.9600638977635783,276
TM4_CDS_30,0.9592651757188498,349
TNguyen7_CDS_9,0.9688498402555911,207
Toast_CDS_26,0.9888178913738019,222
Todacoro_CDS_9,0.9624600638977636,274
Togo_CDS_43,0.9864217252396166,234
Tolls_CDS_46,0.9856230031948882,261
Tomaszewski_CDS_34,0.9704472843450479,248
Tomathan_CDS_9,0.9680511182108626,214
TomBombadil_CDS_49,0.9305111821086262,364
TomBrady_CDS_28,0.9624600638977636,355
Tomlarah_CDS_49,0.9305111821086262,364
Tonenili_CDS_241,0.9560702875399361,287
Toni_CDS_48,0.9305111821086262,364
Tooj_CDS_49,0.9305111821086262,364
TootsiePop_CDS_32,0.9600638977635783,283
Tootsieroll_CDS_32,0.9592651757188498,282
Topanga_CDS_9,0.9624600638977636,277
Topgun_CDS_10,0.9624600638977636,264
Topper_CDS_30,0.9648562300319489,246
Tortoise16_CDS_216,0.9568690095846646,288
Tote_CDS_11,0.9608626198083067,273
Toto_CDS_35,0.9704472843450479,248
Tourach_CDS_28,0.9624600638977636,276
Traaww1_CDS_33,0.9704472843450479,248
Tracker_CDS_19,0.9824281150159745,219
Traft412_CDS_12,0.9608626198083067,273
Trax_CDS_110,0.9848242811501597,223
Treddle_CDS_11,0.9616613418530351,274
Tredge_CDS_45,0.9824281150159745,253
TreyKay_CDS_30,0.9648562300319489,246
TribleTrouble_CDS_30,0.9720447284345048,227
Trike_CDS_5,0.9616613418530351,276
Trina_CDS_139,0.9480830670926518,443
Trine_CDS_36,0.987220447284345,213
Trinitium_CDS_216,0.9560702875399361,287
Tripl3t_CDS_11,0.9608626198083067,273
Trixie_CDS_12,0.9616613418530351,277
Troje_CDS_48,0.9856230031948882,264
Troll4_CDS_40,0.9656549520766773,376
Trooper_CDS_11,0.9664536741214057,288
Trouble_CDS_10,0.9608626198083067,273
TroyPia_CDS_10,0.9600638977635783,276
True_CDS_48,0.9305111821086262,364
TruffulaTree_CDS_30,0.9648562300319489,246
Trumpet_CDS_27,0.9856230031948882,188
Trypo_CDS_50,0.9305111821086262,364
Tuco_CDS_36,0.9704472843450479,248
TuertoX_CDS_24,0.9896166134185304,222
Turbido_CDS_12,0.9664536741214057,288
TurboVicky_CDS_29,0.9728434504792333,199
Turj99_CDS_9,0.9608626198083067,273
Turret_CDS_211,0.9560702875399361,287
Turuncu_CDS_22,0.9800319488817891,231
Tweety_CDS_31,0.9592651757188498,282
Twinkle_CDS_25,0.9856230031948882,244
Twister6_CDS_46,0.9864217252396166,234
Twister_CDS_9,0.9624600638977636,277
Twitch_CDS_30,0.9648562300319489,246
Twonlo_CDS_54,0.9832268370607029,238
TyDawg_CDS_38,0.9640575079872205,278
Tydolla_CDS_47,0.9760383386581469,324
TygerBlood_CDS_10,0.9600638977635783,276
Tyke_CDS_216,0.9560702875399361,287
Typha_CDS_32,0.9648562300319489,363
Typher_CDS_31,0.9728434504792333,199
TyrionL_CDS_48,0.9305111821086262,364
Tyson_CDS_26,0.9608626198083067,294
U2_CDS_9,0.9608626198083067,273
UAch1_CDS_49,0.9305111821086262,364
Ukulele_CDS_35,0.9704472843450479,248
Ulysses_CDS_9,0.9592651757188498,275
UmaThurman_CDS_25,0.9864217252396166,250
UncleHowie_CDS_49,0.9305111821086262,364
UncleRicky_CDS_34,0.9600638977635783,283
Unicorn_CDS_30,0.9712460063897763,211
UnionJack_CDS_7,0.9792332268370607,243
Untouchable_CDS_30,0.9848242811501597,243
Updawg_CDS_12,0.9616613418530351,277
UPIE_CDS_26,0.9608626198083067,294
Upyo_CDS_37,0.9888178913738019,218
Urkel_CDS_30,0.9648562300319489,246
Usavi_CDS_49,0.9305111821086262,364
Utz_CDS_25,0.9864217252396166,249
VA6_CDS_10,0.9616613418530351,277
Vaishali24_CDS_48,0.9305111821086262,364
Valary_CDS_46,0.9864217252396166,234
Validus_CDS_30,0.9728434504792333,219
Valjean_CDS_49,0.9305111821086262,364
ValleyTerrace_CDS_219,0.9560702875399361,287
VanDeWege_CDS_47,0.9864217252396166,234
VanLee_CDS_104,0.9888178913738019,230
Vardy_CDS_30,0.9848242811501597,243
Vasanti_CDS_23,0.9888178913738019,221
VasuNzinga_CDS_56,0.9640575079872205,339
Vaticameos_CDS_45,0.9305111821086262,364
VC3_CDS_9,0.9672523961661342,208
Veliki_CDS_30,0.9648562300319489,246
Venti_CDS_27,0.9640575079872205,343
Veracruz_CDS_8,0.9624600638977636,274
Veritas_CDS_48,0.9305111821086262,364
Verity_CDS_46,0.9864217252396166,228
Veteran_CDS_31,0.9600638977635783,283
Vetrix_CDS_28,0.9624600638977636,276
ViaConlectus_CDS_46,0.9856230031948882,223
Vincenzo_CDS_45,0.9680511182108626,401
Vine_CDS_49,0.9856230031948882,249
VioletZ_CDS_46,0.9688498402555911,405
Violet_CDS_9,0.9608626198083067,273
Virapocalypse_CDS_49,0.9305111821086262,364
Virgeve_CDS_48,0.9305111821086262,364
Visconti_CDS_40,0.9656549520766773,376
Vista_CDS_49,0.9305111821086262,364
Vivaldi_CDS_50,0.9305111821086262,364
Vivi2_CDS_48,0.9848242811501597,225
Vix_CDS_9,0.9616613418530351,273
Vorrps_CDS_67,0.9616613418530351,298
Vortex_CDS_49,0.9305111821086262,364
VRedHorse_CDS_31,0.9592651757188498,282
Wachhund_CDS_31,0.9592651757188498,282
WaldoWhy_CDS_41,0.9656549520766773,376
Waleliano_CDS_44,0.9688498402555911,403
Wallhey_CDS_48,0.9305111821086262,364
Wally_CDS_215,0.9560702875399361,287
Walrus_CDS_27,0.9864217252396166,250
WalterMcMickey_CDS_9,0.9624600638977636,277
Wamburgrxpress_CDS_26,0.9608626198083067,294
Wanda_CDS_55,0.9760383386581469,260
Wander_CDS_10,0.9600638977635783,276
Waterdiva_CDS_49,0.9305111821086262,364
Watermelon_CDS_12,0.9608626198083067,273
Watson_CDS_9,0.9616613418530351,273
Weasels2_CDS_31,0.9896166134185304,212
Webster2_CDS_33,0.9624600638977636,364
Wee_CDS_32,0.9592651757188498,281
Weher20_CDS_49,0.9305111821086262,364
Weiss13_CDS_39,0.9712460063897763,313
WelcomeAyanna_CDS_24,0.9864217252396166,188
Whabigail7_CDS_12,0.9664536741214057,288
Whatsapiecost_CDS_32,0.9600638977635783,283
Wheeler_CDS_10,0.9608626198083067,273
Wheezy_CDS_19,0.9824281150159745,219
Whirlwind_CDS_28,0.9688498402555911,308
Whiteclaw_CDS_24,0.9896166134185304,222
Whitney_CDS_29,0.9848242811501597,188
WhoseManz_CDS_19,0.981629392971246,224
Whouxphf_CDS_32,0.9600638977635783,283
WideWale_CDS_12,0.9616613418530351,277
Widow_CDS_36,0.9880191693290735,219
Wiggin_CDS_38,0.9704472843450479,248
Wigglewiggle_CDS_28,0.9624600638977636,276
Wilbur_CDS_10,0.9600638977635783,276
Wilder_CDS_28,0.9624600638977636,276
Wile_CDS_10,0.9608626198083067,278
Wilkins_CDS_10,0.9608626198083067,273
Willez_CDS_34,0.9704472843450479,248
William_CDS_26,0.9888178913738019,223
Willis_CDS_219,0.9560702875399361,287
WillSterrel_CDS_33,0.9600638977635783,283
Windsor_CDS_48,0.9305111821086262,364
Winget_CDS_68,0.9616613418530351,298
WinkNick_CDS_25,0.9856230031948882,240
Winky_CDS_28,0.9624600638977636,276
Wintermute_CDS_32,0.9752396166134185,232
Wishmaker_CDS_32,0.9624600638977636,364
Wizard007_CDS_10,0.9600638977635783,276
Wizard_CDS_43,0.9864217252396166,234
Wocket_CDS_27,0.9864217252396166,245
Wojtek_CDS_79,0.9840255591054313,262
Wooldri_CDS_11,0.9616613418530351,273
Wooper_CDS_45,0.9888178913738019,226
Wrigley_CDS_28,0.9856230031948882,189
Wyatt2_CDS_26,0.9608626198083067,294
Xavia_CDS_27,0.9648562300319489,344
Xavier_CDS_48,0.9305111821086262,364
Xena_CDS_10,0.9608626198083067,277
XianYue_CDS_10,0.9600638977635783,278
Ximenita_CDS_31,0.9712460063897763,211
xkcd_CDS_36,0.9704472843450479,248
Xula_CDS_25,0.9640575079872205,343
Y10_CDS_32,0.9752396166134185,232
Y2_CDS_32,0.9752396166134185,232
Yago84_CDS_42,0.9880191693290735,226
Yahalom_CDS_47,0.9760383386581469,324
Yakult_CDS_48,0.9864217252396166,267
Yarn_CDS_42,0.9856230031948882,261
Yassified_CDS_214,0.9560702875399361,287
YassJohnny_CDS_36,0.9704472843450479,248
Yeet412_CDS_24,0.9888178913738019,221
Yeet_CDS_47,0.9760383386581469,260
Yeezy_CDS_26,0.9856230031948882,188
YemiJoy2021_CDS_220,0.9560702875399361,287
Yikes_CDS_87,0.9832268370607029,262
Yinz_CDS_47,0.9768370607028753,325
Yndexa_CDS_19,0.9792332268370607,238
Yorick_CDS_31,0.9600638977635783,283
YorkOnyx_CDS_46,0.9856230031948882,229
YoSam321_CDS_10,0.9608626198083067,277
Yoshand_CDS_50,0.9273162939297125,367
Yoshi_CDS_38,0.9680511182108626,316
YouGoGlencoco_CDS_49,0.9305111821086262,364
Youngblood_CDS_35,0.9704472843450479,248
YoungMoneyMata_CDS_220,0.9560702875399361,287
YoureAdopted_CDS_30,0.9648562300319489,246
Yucca_CDS_217,0.9568690095846646,288
Yummy_CDS_48,0.9856230031948882,264
Yuna_CDS_31,0.9696485623003195,211
YungJamal_CDS_72,0.9616613418530351,298
YungMoney_CDS_47,0.987220447284345,235
Yunkel11_CDS_30,0.9648562300319489,245
Zaider_CDS_50,0.9305111821086262,364
Zakai_CDS_28,0.9608626198083067,293
Zakhe101_CDS_66,0.9616613418530351,298
Zalkecks_CDS_218,0.9560702875399361,287
Zameen_CDS_27,0.9856230031948882,188
Zanella_CDS_29,0.9728434504792333,202
Zany_CDS_85,0.9840255591054313,276
Zapner_CDS_38,0.9672523961661342,316
Zarbodnamra_CDS_25,0.9864217252396166,250
Zaria_CDS_26,0.9608626198083067,294
Zavala_CDS_30,0.9648562300319489,246
Zeeculate_CDS_9,0.9616613418530351,274
Zeenon_CDS_217,0.9560702875399361,287
Zelda_CDS_49,0.9305111821086262,364
Zelink_CDS_50,0.9760383386581469,251
Zemanar_CDS_45,0.9688498402555911,405
Zenon_CDS_40,0.9712460063897763,313
Zenteno07_CDS_53,0.9624600638977636,287
Zephyr_CDS_10,0.9616613418530351,274
Zerg_CDS_31,0.9600638977635783,283
Zetzy_CDS_8,0.9640575079872205,276
Zeuska_CDS_11,0.9616613418530351,274
ZiggyZoo_CDS_25,0.987220447284345,249
Zilizebeth_CDS_27,0.9640575079872205,343
Zimmer_CDS_12,0.9672523961661342,283
Zipp_CDS_47,0.9864217252396166,228
Zirinka_CDS_25,0.9856230031948882,187
Zitch_CDS_49,0.9856230031948882,223
Zizzle_CDS_31,0.9600638977635783,283
ZoeJ_CDS_29,0.963258785942492,356
Zolita_CDS_6,0.9784345047923323,242
Zombie_CDS_28,0.9624600638977636,355
Zonia_CDS_49,0.9305111821086262,364
ZygoTaiga_CDS_216,0.9568690095846646,288
